,course id,unposted final score,login time,student id,student sis,course,course sis,section,section id,section sis,term,term id,term sis,current score,final score,enrollment state,unposted current score
0,639,0.0,2018-08-13 10:46:00,38094,,WELL1000 Foundations for Healthy Living - Online - Johnson,,WELL 1000/W72,1191,,Fall 2018,20,,0.0,0.0,active,0.0
1,659,0.0,2018-08-13 11:04:00,22168,,WELL1000 Foundations for Healthy Living - Online - Worrall,,WELL 1000/W87,1230,,Fall 2018,20,,0.0,0.0,concluded,0.0
2,659,0.0,2018-08-13 03:19:00,37144,,WELL1000 Foundations for Healthy Living - Online - Worrall,,WELL 1000/W87,1230,,Fall 2018,20,,0.0,0.0,concluded,0.0
3,638,0.0,2018-08-13 09:04:00,38000,,WELL1000 Foundations for Healthy Living - Online - Johnson B.,,WELL 1000/W75,1190,,Fall 2018,20,,0.0,0.0,active,0.0
4,631,0.0,2018-08-14 01:12:00,38410,,WELL1000 Foundations for Healthy Living - Online - Burleson,,WELL 1000/W63,1176,,Fall 2018,20,,0.0,0.0,active,0.0
5,633,6.21,2018-08-14 01:45:00,38133,,WELL1000 Foundations for Healthy Living - Online - Clark,,WELL 1000/W65,1179,,Fall 2018,20,,6.51,6.21,active,6.51
6,644,0.0,2018-08-14 11:12:00,38304,,WELL1000 Foundations for Healthy Living - Mao,,WELL 1000/04,1201,,Fall 2018,20,,0.0,0.0,concluded,0.0
7,659,0.0,2018-08-14 11:29:00,38320,,WELL1000 Foundations for Healthy Living - Online - Worrall,,WELL 1000/W87,1230,,Fall 2018,20,,0.0,0.0,concluded,0.0
8,639,1.69,2018-08-14 11:49:00,38903,,WELL1000 Foundations for Healthy Living - Online - Johnson,,WELL 1000/W72,1191,,Fall 2018,20,,1.69,1.69,active,1.69
9,636,0.0,2018-08-14 12:12:00,37677,,WELL1000 Foundations for Healthy Living - Online - Gerda,,WELL 1000/W68,1185,,Fall 2018,20,,0.0,0.0,active,0.0
10,631,6.21,2018-08-14 12:15:00,38299,,WELL1000 Foundations for Healthy Living - Online - Burleson,,WELL 1000/W62,1175,,Fall 2018,20,,6.51,6.21,active,6.51
11,639,0.0,2018-08-14 12:53:00,21575,,WELL1000 Foundations for Healthy Living - Online - Johnson,,WELL 1000/W72,1191,,Fall 2018,20,,0.0,0.0,active,0.0
12,659,0.0,2018-08-14 02:47:00,37764,,WELL1000 Foundations for Healthy Living - Online - Worrall,,WELL 1000/W87,1230,,Fall 2018,20,,0.0,0.0,concluded,0.0
13,658,0.0,2018-08-14 04:16:00,23026,,WELL1000 Foundations for Healthy Living - Whitlock,,WELL 1000/11,1229,,Fall 2018,20,,0.0,0.0,concluded,0.0
14,638,5.65,2018-08-14 09:00:00,37633,,WELL1000 Foundations for Healthy Living - Online - Johnson B.,,WELL 1000/W75,1190,,Fall 2018,20,,5.92,5.65,active,5.92
15,639,0.0,2018-08-14 09:42:00,38838,,WELL1000 Foundations for Healthy Living - Online - Johnson,,WELL 1000/W72,1191,,Fall 2018,20,,0.0,0.0,active,0.0
16,631,1.69,2018-08-15 01:19:00,38130,,WELL1000 Foundations for Healthy Living - Online - Burleson,,WELL 1000/W63,1176,,Fall 2018,20,,1.78,1.69,active,1.78
17,656,0.0,2018-08-15 01:21:00,39095,,WELL1000 Foundations for Healthy Living - Weaver B.,,WELL 1000/24,1225,,Fall 2018,20,,0.0,0.0,concluded,0.0
18,637,1.11,2018-08-15 01:43:00,38920,,WELL1000 Foundations for Healthy Living - Online - Howton,,WELL 1000/W70,1187,,Fall 2018,20,,1.16,1.11,active,1.16
19,658,4.79,2018-08-15 10:27:00,38018,,WELL1000 Foundations for Healthy Living - Whitlock,,WELL 1000/10,1228,,Fall 2018,20,,100.0,4.79,concluded,100.0
20,658,0.0,2018-08-15 11:06:00,39019,,WELL1000 Foundations for Healthy Living - Whitlock,,WELL 1000/10,1228,,Fall 2018,20,,0.0,0.0,concluded,0.0
21,626,9.52,2018-08-15 11:15:00,38651,,WELL1000 Foundations for Healthy Living - Aenchbacher,,WELL 1000/08,1165,,Fall 2018,20,,10.06,9.52,active,10.06
22,655,1.13,2018-08-15 11:55:00,4605,,WELL1000 Foundations for Healthy Living - Online - Turchan,,WELL 1000/W83,1221,,Fall 2018,20,,1.13,1.13,active,1.13
23,654,0.0,2018-08-15 06:32:00,39274,,WELL1000 Foundations for Healthy Living - Ravenscraft,,WELL 1000/30,1219,,Fall 2018,20,,0.0,0.0,active,0.0
24,655,0.0,2018-08-15 08:48:00,30163,,WELL1000 Foundations for Healthy Living - Online - Turchan,,WELL 1000/W84,1222,,Fall 2018,20,,0.0,0.0,concluded,0.0
25,653,0.0,2018-08-16 01:16:00,37738,,WELL1000 Foundations for Healthy Living - Online - Postell,,WELL 1000/W82,1217,,Fall 2018,20,,0.0,0.0,active,0.0
26,655,6.21,2018-08-16 01:52:00,37861,,WELL1000 Foundations for Healthy Living - Online - Turchan,,WELL 1000/W84,1222,,Fall 2018,20,,6.21,6.21,active,6.21
27,656,0.0,2018-08-16 11:33:00,39152,,WELL1000 Foundations for Healthy Living - Weaver B.,,WELL 1000/24,1225,,Fall 2018,20,,0.0,0.0,concluded,0.0
28,633,0.0,2018-08-16 05:54:00,39635,,WELL1000 Foundations for Healthy Living - Online - Clark,,WELL 1000/W65,1179,,Fall 2018,20,,0.0,0.0,active,0.0
29,644,0.0,2018-08-17 11:37:00,39949,,WELL1000 Foundations for Healthy Living - Mao,,WELL 1000/04,1201,,Fall 2018,20,,0.0,0.0,concluded,0.0
30,639,0.0,2018-08-17 12:08:00,39818,,WELL1000 Foundations for Healthy Living - Online - Johnson,,WELL 1000/W72,1191,,Fall 2018,20,,0.0,0.0,active,0.0
31,659,0.0,2018-08-17 02:56:00,30759,,WELL1000 Foundations for Healthy Living - Online - Worrall,,WELL 1000/W88,1231,,Fall 2018,20,,0.0,0.0,concluded,0.0
32,639,1.13,2018-08-17 04:02:00,30172,,WELL1000 Foundations for Healthy Living - Online - Johnson,,WELL 1000/W72,1191,,Fall 2018,20,,1.13,1.13,active,1.13
33,650,6.21,2018-08-17 04:21:00,39848,,WELL1000 Foundations for Healthy Living - Online - Oberlton,,WELL 1000/W78,1212,,Fall 2018,20,,6.21,6.21,active,6.21
34,626,9.27,2018-08-17 04:28:00,39622,,WELL1000 Foundations for Healthy Living - Aenchbacher,,WELL 1000/08,1165,,Fall 2018,20,,9.8,9.27,active,9.8
35,626,7.96,2018-08-17 04:39:00,39915,,WELL1000 Foundations for Healthy Living - Aenchbacher,,WELL 1000/09,1166,,Fall 2018,20,,8.41,7.96,active,8.41
36,650,6.21,2018-08-17 05:22:00,37830,,WELL1000 Foundations for Healthy Living - Online - Oberlton,,WELL 1000/W78,1212,,Fall 2018,20,,6.21,6.21,active,6.21
37,659,0.0,2018-08-17 05:53:00,38940,,WELL1000 Foundations for Healthy Living - Online - Worrall,,WELL 1000/W88,1231,,Fall 2018,20,,0.0,0.0,concluded,0.0
38,644,0.0,2018-08-18 03:05:00,39944,,WELL1000 Foundations for Healthy Living - Mao,,WELL 1000/04,1201,,Fall 2018,20,,0.0,0.0,concluded,0.0
39,644,0.0,2018-08-18 08:36:00,39960,,WELL1000 Foundations for Healthy Living - Mao,,WELL 1000/04,1201,,Fall 2018,20,,0.0,0.0,concluded,0.0
40,644,0.0,2018-08-18 09:03:00,39962,,WELL1000 Foundations for Healthy Living - Mao,,WELL 1000/04,1201,,Fall 2018,20,,0.0,0.0,concluded,0.0
41,655,10.17,2018-08-19 10:44:00,37597,,WELL1000 Foundations for Healthy Living - Online - Turchan,,WELL 1000/W83,1221,,Fall 2018,20,,10.17,10.17,active,10.17
42,633,0.0,2018-08-19 11:19:00,40063,,WELL1000 Foundations for Healthy Living - Online - Clark,,WELL 1000/W64,1178,,Fall 2018,20,,0.0,0.0,active,0.0
43,639,0.0,2018-08-19 05:08:00,37341,,WELL1000 Foundations for Healthy Living - Online - Johnson,,WELL 1000/W72,1191,,Fall 2018,20,,0.0,0.0,active,0.0
44,644,0.0,2018-08-19 06:18:00,39931,,WELL1000 Foundations for Healthy Living - Mao,,WELL 1000/05,1202,,Fall 2018,20,,0.0,0.0,concluded,0.0
45,645,6.83,2018-08-20 11:54:00,40278,,WELL1000 Foundations for Healthy Living - Martinez,,WELL1000/20,1203,,Fall 2018,20,,6.83,6.83,active,6.83
46,631,0.0,2018-08-20 04:53:00,40694,,WELL1000 Foundations for Healthy Living - Online - Burleson,,WELL 1000/W62,1175,,Fall 2018,20,,0.0,0.0,active,0.0
47,637,10.0,2018-08-21 12:03:00,37858,,WELL1000 Foundations for Healthy Living - Online - Howton,,WELL 1000/W70,1187,,Fall 2018,20,,10.47,10.0,active,10.47
48,628,8.47,2018-08-21 09:12:00,36643,,WELL1000 Foundations for Healthy Living - Online - Barrett-Williams,,WELL 1000/W60,1169,,Fall 2018,20,,8.47,8.47,active,8.47
49,654,3.49,2018-08-22 06:39:00,39043,,WELL1000 Foundations for Healthy Living - Ravenscraft,,WELL 1000/30,1219,,Fall 2018,20,,3.49,3.49,active,3.49
50,638,14.69,2018-08-22 07:53:00,38065,,WELL1000 Foundations for Healthy Living - Online - Johnson B.,,WELL 1000/W74,1189,,Fall 2018,20,,15.38,14.69,active,15.38
51,637,5.34,2018-08-22 08:49:00,41848,,WELL1000 Foundations for Healthy Living - Online - Howton,,WELL 1000/W70,1187,,Fall 2018,20,,5.59,5.34,active,5.59
52,627,9.14,2018-08-22 09:12:00,36496,,WELL1000 Foundations for Healthy Living - Balkema,,WELL 1000/32,1167,,Fall 2018,20,,9.14,9.14,active,9.14
53,648,3.94,2018-08-23 06:46:00,40272,,WELL1000 Foundations for Healthy Living - Nikitin,,WELL 1000/29,1236,,Fall 2018,20,,4.07,3.94,active,4.07
54,635,1.13,2018-08-23 07:45:00,38983,,WELL1000 Foundations for Healthy Living - Online - Fortenberry,,WELL1000/W67,1184,,Fall 2018,20,,1.18,1.13,active,1.18
55,658,3.71,2018-08-26 01:30:00,37593,,WELL1000 Foundations for Healthy Living - Whitlock,,WELL 1000/10,1228,,Fall 2018,20,,4.16,3.71,active,4.16
56,644,0.0,2018-08-26 04:52:00,42492,,WELL1000 Foundations for Healthy Living - Mao,,WELL 1000/05,1202,,Fall 2018,20,,0.0,0.0,concluded,0.0
57,626,12.77,2018-08-27 11:35:00,39023,,WELL1000 Foundations for Healthy Living - Aenchbacher,,WELL 1000/09,1166,,Fall 2018,20,,12.77,12.77,active,12.77
58,655,2.82,2018-08-28 04:17:00,37693,,WELL1000 Foundations for Healthy Living - Online - Turchan,,WELL 1000/W83,1221,,Fall 2018,20,,2.82,2.82,active,2.82
59,653,0.0,2018-08-30 04:46:00,38044,,WELL1000 Foundations for Healthy Living - Online - Postell,,WELL 1000/W82,1217,,Fall 2018,20,,0.0,0.0,active,0.0
60,623,4.27,2018-08-30 04:58:00,38169,,WELL1000 Foundations for Healthy Living - Scheck,,WELL 1000/02,1160,,Fall 2018,20,,4.27,4.27,active,4.27
61,631,0.0,2018-08-30 09:39:00,37220,,WELL1000 Foundations for Healthy Living - Online - Burleson,,WELL 1000/W62,1175,,Fall 2018,20,,0.0,0.0,active,0.0
62,635,14.58,2018-08-31 01:04:00,37458,,WELL1000 Foundations for Healthy Living - Online - Fortenberry,,WELL1000/W66,1183,,Fall 2018,20,,15.27,14.58,active,15.27
63,642,3.43,2018-08-31 12:51:00,40017,,WELL1000 Foundations for Healthy Living - Lubben,,WELL1000/19,1198,,Fall 2018,20,,3.73,3.43,active,3.73
64,635,6.21,2018-08-31 08:17:00,39088,,WELL1000 Foundations for Healthy Living - Online - Fortenberry,,WELL1000/W67,1184,,Fall 2018,20,,6.51,6.21,active,6.51
65,644,45.17,2018-12-01 11:19:00,39951,,WELL1000 Foundations for Healthy Living - Mao,,WELL 1000/05,1202,,Fall 2018,20,,45.17,45.17,active,45.17
66,624,57.18,2018-12-01 06:01:00,39623,,WELL1000 Foundations for Healthy Living - Rendini,,WELL 1000/03,1161,,Fall 2018,20,,58.91,57.18,active,58.91
67,629,41.78,2018-12-01 09:33:00,38989,,WELL1000 Foundations for Healthy Living - Bell,,WELL 1000/12,1171,,Fall 2018,20,,43.73,41.78,active,43.73
68,628,53.73,2018-12-01 09:36:00,18084,,WELL1000 Foundations for Healthy Living - Online - Barrett-Williams,,WELL 1000/W60,1169,,Fall 2018,20,,53.73,53.73,active,53.73
69,647,46.65,2018-12-10 01:56:00,38671,,WELL1000 Foundations for Healthy Living - McGowan,,WELL 1000/27,1210,,Fall 2018,20,,46.65,46.65,active,46.65
70,654,69.39,2018-12-10 10:01:00,38937,,WELL1000 Foundations for Healthy Living - Ravenscraft,,WELL 1000/31,1220,,Fall 2018,20,,69.39,69.39,active,69.39
71,639,66.1,2018-12-10 10:20:00,41735,,WELL1000 Foundations for Healthy Living - Online - Johnson,,WELL 1000/W72,1191,,Fall 2018,20,,66.1,66.1,active,66.1
72,642,50.07,2018-12-10 11:25:00,39824,,WELL1000 Foundations for Healthy Living - Lubben,,WELL1000/18,1197,,Fall 2018,20,,54.49,50.07,active,54.49
73,633,19.33,2018-12-10 11:56:00,42614,,WELL1000 Foundations for Healthy Living - Online - Clark,,WELL 1000/W65,1179,,Fall 2018,20,,20.25,19.33,active,20.25
74,647,68.18,2018-12-10 12:00:00,37653,,WELL1000 Foundations for Healthy Living - McGowan,,WELL 1000/27,1210,,Fall 2018,20,,68.18,68.18,active,68.18
75,657,65.86,2018-12-10 12:04:00,37806,,WELL1000 Foundations for Healthy Living - Online - Weaver T.,,WELL 1000/W85,1226,,Fall 2018,20,,65.86,65.86,active,65.86
76,673,10.35,2018-12-10 03:40:00,41907,,WELL1000 Foundations for Healthy Living - Anderson,,WELL 1000/44,1351,,Fall 2018,20,,10.85,10.35,active,10.85
77,651,60.01,2018-12-10 03:43:00,38137,,WELL1000 Foundations for Healthy Living - Patterson,,WELL 1000/34,1214,,Fall 2018,20,,60.01,60.01,active,60.01
78,656,68.3,2018-12-10 03:47:00,38459,,WELL1000 Foundations for Healthy Living - Weaver B.,,WELL 1000/24,1225,,Fall 2018,20,,68.3,68.3,active,68.3
79,657,59.95,2018-12-10 04:54:00,38117,,WELL1000 Foundations for Healthy Living - Online - Weaver T.,,WELL 1000/W86,1227,,Fall 2018,20,,59.95,59.95,active,59.95
80,648,48.25,2018-12-10 07:31:00,40511,,WELL1000 Foundations for Healthy Living - Nikitin,,WELL 1000/29,1236,,Fall 2018,20,,49.82,48.25,active,49.82
81,629,65.85,2018-12-10 08:42:00,39700,,WELL1000 Foundations for Healthy Living - Bell,,WELL 1000/13,1172,,Fall 2018,20,,68.93,65.85,active,68.93
82,655,66.3,2018-12-10 09:20:00,37812,,WELL1000 Foundations for Healthy Living - Online - Turchan,,WELL 1000/W84,1222,,Fall 2018,20,,69.44,66.3,active,69.44
83,638,45.13,2018-12-10 09:24:00,37103,,WELL1000 Foundations for Healthy Living - Online - Johnson B.,,WELL 1000/W74,1189,,Fall 2018,20,,45.13,45.13,active,45.13
84,656,39.38,2018-12-10 09:47:00,39505,,WELL1000 Foundations for Healthy Living - Weaver B.,,WELL 1000/22,1223,,Fall 2018,20,,39.38,39.38,active,39.38
85,647,63.34,2018-12-11 10:15:00,37153,,WELL1000 Foundations for Healthy Living - McGowan,,WELL 1000/26,1209,,Fall 2018,20,,63.34,63.34,active,63.34
86,633,59.98,2018-12-11 10:22:00,38469,,WELL1000 Foundations for Healthy Living - Online - Clark,,WELL 1000/W64,1178,,Fall 2018,20,,62.82,59.98,active,62.82
87,674,56.51,2018-12-11 10:37:00,37090,,WELL1000 Foundations for Healthy Living - Bryant,,WELL 1000/46,1352,,Fall 2018,20,,56.51,56.51,active,56.51
88,656,68.95,2018-12-11 10:41:00,39205,,WELL1000 Foundations for Healthy Living - Weaver B.,,WELL 1000/24,1225,,Fall 2018,20,,68.95,68.95,active,68.95
89,638,59.31,2018-12-11 10:45:00,37996,,WELL1000 Foundations for Healthy Living - Online - Johnson B.,,WELL 1000/W74,1189,,Fall 2018,20,,62.12,59.31,active,62.12
90,654,64.08,2018-12-11 11:55:00,34717,,WELL1000 Foundations for Healthy Living - Ravenscraft,,WELL 1000/31,1220,,Fall 2018,20,,64.08,64.08,active,64.08
91,647,67.65,2018-12-11 12:14:00,38588,,WELL1000 Foundations for Healthy Living - McGowan,,WELL 1000/27,1210,,Fall 2018,20,,67.65,67.65,active,67.65
92,643,67.2,2018-12-11 12:16:00,39283,,WELL1000 Foundations for Healthy Living - Maddox,,WELL 1000/16,1199,,Fall 2018,20,,68.03,67.2,active,68.03
93,629,64.9,2018-12-11 06:26:00,39577,,WELL1000 Foundations for Healthy Living - Bell,,WELL 1000/12,1171,,Fall 2018,20,,67.93,64.9,active,67.93
94,658,69.46,2018-12-11 09:33:00,38830,,WELL1000 Foundations for Healthy Living - Whitlock,,WELL 1000/10,1228,,Fall 2018,20,,69.46,69.46,active,69.46
95,648,42.48,2018-12-12 01:00:00,40255,,WELL1000 Foundations for Healthy Living - Nikitin,,WELL 1000/28,1235,,Fall 2018,20,,42.48,42.48,active,42.48
96,643,45.43,2018-12-12 01:23:00,38428,,WELL1000 Foundations for Healthy Living - Maddox,,WELL 1000/17,1200,,Fall 2018,20,,45.99,45.43,active,45.99
97,631,46.03,2018-12-12 10:35:00,38926,,WELL1000 Foundations for Healthy Living - Online - Burleson,,WELL 1000/W62,1175,,Fall 2018,20,,46.03,46.03,active,46.03
98,626,61.67,2018-12-12 03:28:00,40156,,WELL1000 Foundations for Healthy Living - Aenchbacher,,WELL 1000/08,1165,,Fall 2018,20,,61.67,61.67,active,61.67
99,622,54.49,2018-12-12 09:03:00,39266,,WELL1000 Foundations for Healthy Living - Howton,,WELL 1000/01,1159,,Fall 2018,20,,54.56,54.49,active,54.56
100,640,66.97,2018-12-12 09:08:00,39542,,WELL1000 Foundations for Healthy Living - Kelso,,WELL1000/14,1193,,Fall 2018,20,,67.92,66.97,active,67.92
101,647,64.24,2018-12-13 10:33:00,37777,,WELL1000 Foundations for Healthy Living - McGowan,,WELL 1000/26,1209,,Fall 2018,20,,64.24,64.24,active,64.24
102,631,69.42,2018-12-13 12:05:00,39004,,WELL1000 Foundations for Healthy Living - Online - Burleson,,WELL 1000/W63,1176,,Fall 2018,20,,69.42,69.42,active,69.42
103,623,27.2,2018-12-13 12:31:00,38201,,WELL1000 Foundations for Healthy Living - Scheck,,WELL 1000/02,1160,,Fall 2018,20,,27.2,27.2,active,27.2
104,658,69.78,2018-12-13 02:09:00,38375,,WELL1000 Foundations for Healthy Living - Whitlock,,WELL 1000/11,1229,,Fall 2018,20,,69.78,69.78,active,69.78
105,658,69.46,2018-12-13 04:52:00,39428,,WELL1000 Foundations for Healthy Living - Whitlock,,WELL 1000/11,1229,,Fall 2018,20,,69.46,69.46,active,69.46
106,654,48.03,2018-12-13 06:09:00,39285,,WELL1000 Foundations for Healthy Living - Ravenscraft,,WELL 1000/30,1219,,Fall 2018,20,,48.03,48.03,active,48.03
107,634,63.23,2018-12-13 07:07:00,38344,,WELL1000 Foundations for Healthy Living - Ellington,,WELL 1000/37,1181,,Fall 2018,20,,63.23,63.23,active,63.23
108,648,61.7,2018-12-14 02:35:00,34401,,WELL1000 Foundations for Healthy Living - Nikitin,,WELL 1000/28,1235,,Fall 2018,20,,63.71,61.7,active,63.71
109,658,66.45,2018-12-14 03:36:00,12553,,WELL1000 Foundations for Healthy Living - Whitlock,,WELL 1000/10,1228,,Fall 2018,20,,72.71,66.45,active,72.71
110,633,60.88,2018-12-14 04:28:00,39703,,WELL1000 Foundations for Healthy Living - Online - Clark,,WELL 1000/W65,1179,,Fall 2018,20,,60.88,60.88,active,60.88
111,658,61.86,2018-12-15 01:04:00,38353,,WELL1000 Foundations for Healthy Living - Whitlock,,WELL 1000/11,1229,,Fall 2018,20,,61.86,61.86,active,61.86
112,643,65.08,2018-12-16 02:15:00,38785,,WELL1000 Foundations for Healthy Living - Maddox,,WELL 1000/17,1200,,Fall 2018,20,,65.88,65.08,active,65.88
113,636,46.53,2018-12-17 12:06:00,38333,,WELL1000 Foundations for Healthy Living - Online - Gerda,,WELL 1000/W69,1186,,Fall 2018,20,,46.53,46.53,active,46.53
114,636,64.64,2018-12-17 07:29:00,37930,,WELL1000 Foundations for Healthy Living - Online - Gerda,,WELL 1000/W69,1186,,Fall 2018,20,,64.64,64.64,active,64.64
115,658,66.02,2018-12-19 01:49:00,37936,,WELL1000 Foundations for Healthy Living - Whitlock,,WELL 1000/11,1229,,Fall 2018,20,,66.02,66.02,active,66.02
116,655,21.58,2018-12-02 10:07:00,37363,,WELL1000 Foundations for Healthy Living - Online - Turchan,,WELL 1000/W84,1222,,Fall 2018,20,,21.58,21.58,active,21.58
117,642,62.1,2018-12-02 10:09:00,39829,,WELL1000 Foundations for Healthy Living - Lubben,,WELL1000/18,1197,,Fall 2018,20,,67.58,62.1,active,67.58
118,627,66.79,2018-12-02 11:13:00,39846,,WELL1000 Foundations for Healthy Living - Balkema,,WELL 1000/33,1168,,Fall 2018,20,,66.79,66.79,active,66.79
119,653,51.16,2018-12-02 11:34:00,30284,,WELL1000 Foundations for Healthy Living - Online - Postell,,WELL 1000/W82,1217,,Fall 2018,20,,53.58,51.16,active,53.58
120,674,54.91,2018-12-02 11:44:00,40140,,WELL1000 Foundations for Healthy Living - Bryant,,WELL 1000/46,1352,,Fall 2018,20,,55.5,54.91,active,55.5
121,639,66.79,2018-12-02 11:45:00,38041,,WELL1000 Foundations for Healthy Living - Online - Johnson,,WELL 1000/W72,1191,,Fall 2018,20,,66.79,66.79,active,66.79
122,643,64.52,2018-12-02 12:11:00,34937,,WELL1000 Foundations for Healthy Living - Maddox,,WELL 1000/16,1199,,Fall 2018,20,,63.64,64.52,active,63.64
123,674,61.21,2018-12-02 03:49:00,38182,,WELL1000 Foundations for Healthy Living - Bryant,,WELL 1000/46,1352,,Fall 2018,20,,61.86,61.21,active,61.86
124,657,64.79,2018-12-02 07:55:00,40106,,WELL1000 Foundations for Healthy Living - Online - Weaver T.,,WELL 1000/W85,1226,,Fall 2018,20,,64.79,64.79,active,64.79
125,647,66.11,2018-12-02 08:30:00,38735,,WELL1000 Foundations for Healthy Living - McGowan,,WELL 1000/27,1210,,Fall 2018,20,,66.11,66.11,active,66.11
126,658,69.38,2018-12-20 11:59:00,37749,,WELL1000 Foundations for Healthy Living - Whitlock,,WELL 1000/11,1229,,Fall 2018,20,,69.38,69.38,active,69.38
127,648,65.26,2018-12-21 01:45:00,37624,,WELL1000 Foundations for Healthy Living - Nikitin,,WELL 1000/29,1236,,Fall 2018,20,,67.38,65.26,active,67.38
128,634,62.46,2018-12-26 09:46:00,38278,,WELL1000 Foundations for Healthy Living - Ellington,,WELL 1000/37,1181,,Fall 2018,20,,62.46,62.46,active,62.46
129,636,67.63,2018-12-03 01:15:00,37354,,WELL1000 Foundations for Healthy Living - Online - Gerda,,WELL 1000/W68,1185,,Fall 2018,20,,67.63,67.63,active,67.63
130,629,52.44,2018-12-03 01:46:00,34594,,WELL1000 Foundations for Healthy Living - Bell,,WELL 1000/12,1171,,Fall 2018,20,,54.88,52.44,active,54.88
131,624,63.04,2018-12-03 01:50:00,37244,,WELL1000 Foundations for Healthy Living - Rendini,,WELL 1000/03,1161,,Fall 2018,20,,64.94,63.04,active,64.94
132,631,69.18,2018-12-03 01:56:00,37548,,WELL1000 Foundations for Healthy Living - Online - Burleson,,WELL 1000/W63,1176,,Fall 2018,20,,72.46,69.18,active,72.46
133,659,68.13,2018-12-03 10:41:00,20885,,WELL1000 Foundations for Healthy Living - Online - Worrall,,WELL 1000/W88,1231,,Fall 2018,20,,68.13,68.13,active,68.13
134,629,56.87,2018-12-03 10:58:00,39594,,WELL1000 Foundations for Healthy Living - Bell,,WELL 1000/13,1172,,Fall 2018,20,,59.52,56.87,active,59.52
135,647,59.92,2018-12-03 11:01:00,39636,,WELL1000 Foundations for Healthy Living - McGowan,,WELL 1000/26,1209,,Fall 2018,20,,59.92,59.92,active,59.92
136,637,69.74,2018-12-03 11:06:00,37334,,WELL1000 Foundations for Healthy Living - Online - Howton,,WELL 1000/W70,1187,,Fall 2018,20,,69.74,69.74,active,69.74
137,658,62.07,2018-12-03 11:10:00,37892,,WELL1000 Foundations for Healthy Living - Whitlock,,WELL 1000/11,1229,,Fall 2018,20,,62.07,62.07,active,62.07
138,642,66.61,2018-12-03 11:43:00,39778,,WELL1000 Foundations for Healthy Living - Lubben,,WELL1000/18,1197,,Fall 2018,20,,66.61,66.61,active,66.61
139,645,49.54,2018-12-03 11:43:00,37724,,WELL1000 Foundations for Healthy Living - Martinez,,WELL1000/20,1203,,Fall 2018,20,,49.54,49.54,active,49.54
140,651,35.45,2018-12-03 11:46:00,40262,,WELL1000 Foundations for Healthy Living - Patterson,,WELL 1000/35,1215,,Fall 2018,20,,35.45,35.45,active,35.45
141,647,48.67,2018-12-03 12:12:00,38864,,WELL1000 Foundations for Healthy Living - McGowan,,WELL 1000/27,1210,,Fall 2018,20,,48.67,48.67,active,48.67
142,657,54.0,2018-12-03 12:45:00,39690,,WELL1000 Foundations for Healthy Living - Online - Weaver T.,,WELL 1000/W85,1226,,Fall 2018,20,,54.0,54.0,active,54.0
143,659,51.78,2018-12-03 12:50:00,38366,,WELL1000 Foundations for Healthy Living - Online - Worrall,,WELL 1000/W88,1231,,Fall 2018,20,,51.78,51.78,active,51.78
144,629,69.86,2018-12-03 03:33:00,37437,,WELL1000 Foundations for Healthy Living - Bell,,WELL 1000/13,1172,,Fall 2018,20,,73.12,69.86,active,73.12
145,648,16.2,2018-12-03 03:35:00,40148,,WELL1000 Foundations for Healthy Living - Nikitin,,WELL 1000/28,1235,,Fall 2018,20,,16.72,16.2,active,16.72
146,636,19.89,2018-12-03 03:56:00,32251,,WELL1000 Foundations for Healthy Living - Online - Gerda,,WELL 1000/W69,1186,,Fall 2018,20,,19.89,19.89,active,19.89
147,655,66.89,2018-12-03 04:05:00,37222,,WELL1000 Foundations for Healthy Living - Online - Turchan,,WELL 1000/W83,1221,,Fall 2018,20,,66.84,66.89,active,66.84
148,636,68.46,2018-12-03 04:12:00,37241,,WELL1000 Foundations for Healthy Living - Online - Gerda,,WELL 1000/W68,1185,,Fall 2018,20,,68.46,68.46,active,68.46
149,638,41.85,2018-12-03 04:17:00,39983,,WELL1000 Foundations for Healthy Living - Online - Johnson B.,,WELL 1000/W74,1189,,Fall 2018,20,,43.84,41.85,active,43.84
150,639,60.86,2018-12-03 04:29:00,35481,,WELL1000 Foundations for Healthy Living - Online - Johnson,,WELL 1000/W72,1191,,Fall 2018,20,,60.86,60.86,active,60.86
151,629,65.4,2018-12-03 04:37:00,38557,,WELL1000 Foundations for Healthy Living - Bell,,WELL 1000/12,1171,,Fall 2018,20,,68.45,65.4,active,68.45
152,629,60.84,2018-12-03 05:15:00,42128,,WELL1000 Foundations for Healthy Living - Bell,,WELL 1000/12,1171,,Fall 2018,20,,63.68,60.84,active,63.68
153,631,7.91,2018-12-03 06:23:00,33455,,WELL1000 Foundations for Healthy Living - Online - Burleson,,WELL 1000/W62,1175,,Fall 2018,20,,8.28,7.91,active,8.28
154,638,53.22,2018-12-03 06:40:00,38515,,WELL1000 Foundations for Healthy Living - Online - Johnson B.,,WELL 1000/W74,1189,,Fall 2018,20,,53.22,53.22,active,53.22
155,639,65.53,2018-12-03 07:10:00,37210,,WELL1000 Foundations for Healthy Living - Online - Johnson,,WELL 1000/W72,1191,,Fall 2018,20,,65.53,65.53,active,65.53
156,626,59.17,2018-12-03 07:23:00,38573,,WELL1000 Foundations for Healthy Living - Aenchbacher,,WELL 1000/08,1165,,Fall 2018,20,,59.17,59.17,active,59.17
157,656,62.25,2018-12-03 08:48:00,41410,,WELL1000 Foundations for Healthy Living - Weaver B.,,WELL 1000/24,1225,,Fall 2018,20,,62.25,62.25,active,62.25
158,647,33.57,2018-12-03 09:37:00,38364,,WELL1000 Foundations for Healthy Living - McGowan,,WELL 1000/26,1209,,Fall 2018,20,,33.57,33.57,active,33.57
159,636,31.17,2018-12-03 09:39:00,39641,,WELL1000 Foundations for Healthy Living - Online - Gerda,,WELL 1000/W69,1186,,Fall 2018,20,,31.17,31.17,active,31.17
160,624,31.77,2018-12-03 09:51:00,38708,,WELL1000 Foundations for Healthy Living - Rendini,,WELL 1000/03,1161,,Fall 2018,20,,32.72,31.77,active,32.72
161,656,35.63,2018-12-03 09:51:00,42013,,WELL1000 Foundations for Healthy Living - Weaver B.,,WELL 1000/23,1224,,Fall 2018,20,,35.63,35.63,active,35.63
162,651,59.65,2018-12-30 07:01:00,38726,,WELL1000 Foundations for Healthy Living - Patterson,,WELL 1000/35,1215,,Fall 2018,20,,59.65,59.65,active,59.65
163,624,69.51,2018-12-04 01:00:00,39284,,WELL1000 Foundations for Healthy Living - Rendini,,WELL 1000/03,1161,,Fall 2018,20,,71.6,69.51,active,71.6
164,647,63.21,2018-12-04 01:07:00,37361,,WELL1000 Foundations for Healthy Living - McGowan,,WELL 1000/25,1208,,Fall 2018,20,,63.21,63.21,active,63.21
165,636,49.96,2018-12-04 01:17:00,37838,,WELL1000 Foundations for Healthy Living - Online - Gerda,,WELL 1000/W69,1186,,Fall 2018,20,,49.96,49.96,active,49.96
166,623,61.08,2018-12-04 01:19:00,38213,,WELL1000 Foundations for Healthy Living - Scheck,,WELL 1000/02,1160,,Fall 2018,20,,61.08,61.08,active,61.08
167,631,45.74,2018-12-04 10:12:00,31673,,WELL1000 Foundations for Healthy Living - Online - Burleson,,WELL 1000/W63,1176,,Fall 2018,20,,45.74,45.74,active,45.74
168,647,66.26,2018-12-04 10:23:00,37223,,WELL1000 Foundations for Healthy Living - McGowan,,WELL 1000/25,1208,,Fall 2018,20,,66.26,66.26,active,66.26
169,647,64.1,2018-12-04 11:16:00,38560,,WELL1000 Foundations for Healthy Living - McGowan,,WELL 1000/26,1209,,Fall 2018,20,,64.1,64.1,active,64.1
170,623,63.48,2018-12-04 11:20:00,37305,,WELL1000 Foundations for Healthy Living - Scheck,,WELL 1000/02,1160,,Fall 2018,20,,63.48,63.48,active,63.48
171,698,60.59,2018-12-04 11:28:00,39925,,WELL1000/01 Foundations for a Healthy Living - Oberlton,,WELL 1000/01,1384,,Fall 2018,20,,60.59,60.59,active,60.59
172,646,67.35,2018-12-04 11:40:00,39745,,WELL1000 Foundations for Healthy Living - McCall,,WELL 1000/38,1205,,Fall 2018,20,,67.35,67.35,active,67.35
173,623,44.92,2018-12-04 12:41:00,38219,,WELL1000 Foundations for Healthy Living - Scheck,,WELL 1000/02,1160,,Fall 2018,20,,44.92,44.92,active,44.92
174,655,57.3,2018-12-04 12:54:00,37828,,WELL1000 Foundations for Healthy Living - Online - Turchan,,WELL 1000/W84,1222,,Fall 2018,20,,60.01,57.3,active,60.01
175,655,66.4,2018-12-04 03:55:00,37680,,WELL1000 Foundations for Healthy Living - Online - Turchan,,WELL 1000/W84,1222,,Fall 2018,20,,69.55,66.4,active,69.55
176,698,62.31,2018-12-04 03:56:00,39501,,WELL1000/01 Foundations for a Healthy Living - Oberlton,,WELL 1000/01,1384,,Fall 2018,20,,62.31,62.31,active,62.31
177,673,48.56,2018-12-04 04:22:00,40006,,WELL1000 Foundations for Healthy Living - Anderson,,WELL 1000/44,1351,,Fall 2018,20,,48.56,48.56,active,48.56
178,698,67.09,2018-12-04 06:00:00,38373,,WELL1000/01 Foundations for a Healthy Living - Oberlton,,WELL 1000/01,1384,,Fall 2018,20,,67.09,67.09,active,67.09
179,698,66.44,2018-12-04 06:28:00,36693,,WELL1000/01 Foundations for a Healthy Living - Oberlton,,WELL 1000/01,1384,,Fall 2018,20,,66.44,66.44,active,66.44
180,645,60.13,2018-12-04 06:35:00,40420,,WELL1000 Foundations for Healthy Living - Martinez,,WELL1000/20,1203,,Fall 2018,20,,60.13,60.13,active,60.13
181,631,55.78,2018-12-04 06:59:00,37062,,WELL1000 Foundations for Healthy Living - Online - Burleson,,WELL 1000/W63,1176,,Fall 2018,20,,55.78,55.78,active,55.78
182,644,24.61,2018-12-04 08:32:00,38923,,WELL1000 Foundations for Healthy Living - Mao,,WELL 1000/05,1202,,Fall 2018,20,,24.61,24.61,active,24.61
183,642,68.97,2018-12-04 09:28:00,39190,,WELL1000 Foundations for Healthy Living - Lubben,,WELL1000/19,1198,,Fall 2018,20,,71.36,68.97,active,71.36
184,648,54.2,2018-12-05 10:21:00,39461,,WELL1000 Foundations for Healthy Living - Nikitin,,WELL 1000/28,1235,,Fall 2018,20,,55.97,54.2,active,55.97
185,674,67.53,2018-12-05 10:57:00,39035,,WELL1000 Foundations for Healthy Living - Bryant,,WELL 1000/46,1352,,Fall 2018,20,,67.89,67.53,active,67.89
186,651,52.46,2018-12-05 11:13:00,38309,,WELL1000 Foundations for Healthy Living - Patterson,,WELL 1000/34,1214,,Fall 2018,20,,52.46,52.46,active,52.46
187,658,58.24,2018-12-05 11:32:00,39924,,WELL1000 Foundations for Healthy Living - Whitlock,,WELL 1000/11,1229,,Fall 2018,20,,58.24,58.24,active,58.24
188,633,62.35,2018-12-05 11:45:00,39150,,WELL1000 Foundations for Healthy Living - Online - Clark,,WELL 1000/W65,1179,,Fall 2018,20,,65.3,62.35,active,65.3
189,658,69.89,2018-12-05 12:11:00,37642,,WELL1000 Foundations for Healthy Living - Whitlock,,WELL 1000/10,1228,,Fall 2018,20,,69.89,69.89,active,69.89
190,658,43.22,2018-12-05 12:29:00,39892,,WELL1000 Foundations for Healthy Living - Whitlock,,WELL 1000/11,1229,,Fall 2018,20,,43.22,43.22,active,43.22
191,658,66.24,2018-12-05 12:31:00,41467,,WELL1000 Foundations for Healthy Living - Whitlock,,WELL 1000/11,1229,,Fall 2018,20,,66.24,66.24,active,66.24
192,654,69.36,2018-12-05 03:37:00,39877,,WELL1000 Foundations for Healthy Living - Ravenscraft,,WELL 1000/31,1220,,Fall 2018,20,,69.36,69.36,active,69.36
193,647,48.23,2018-12-05 05:40:00,38043,,WELL1000 Foundations for Healthy Living - McGowan,,WELL 1000/27,1210,,Fall 2018,20,,48.23,48.23,active,48.23
194,638,37.25,2018-12-05 05:58:00,6958,,WELL1000 Foundations for Healthy Living - Online - Johnson B.,,WELL 1000/W75,1190,,Fall 2018,20,,39.01,37.25,active,39.01
195,654,51.45,2018-12-05 05:59:00,39570,,WELL1000 Foundations for Healthy Living - Ravenscraft,,WELL 1000/31,1220,,Fall 2018,20,,51.45,51.45,active,51.45
196,647,69.57,2018-12-05 06:18:00,37778,,WELL1000 Foundations for Healthy Living - McGowan,,WELL 1000/27,1210,,Fall 2018,20,,69.57,69.57,active,69.57
197,644,21.01,2018-12-05 06:24:00,40022,,WELL1000 Foundations for Healthy Living - Mao,,WELL 1000/05,1202,,Fall 2018,20,,21.01,21.01,active,21.01
198,635,55.47,2018-12-05 08:50:00,32311,,WELL1000 Foundations for Healthy Living - Online - Fortenberry,,WELL1000/W67,1184,,Fall 2018,20,,55.47,55.47,active,55.47
199,654,69.01,2018-12-05 09:54:00,40406,,WELL1000 Foundations for Healthy Living - Ravenscraft,,WELL 1000/30,1219,,Fall 2018,20,,69.01,69.01,active,69.01
200,652,62.5,2018-12-05 09:59:00,38882,,WELL1000 Foundations for Healthy Living - Online - Patterson,,WELL 1000/W80,1216,,Fall 2018,20,,62.5,62.5,active,62.5
201,657,63.71,2018-12-06 10:23:00,37481,,WELL1000 Foundations for Healthy Living - Online - Weaver T.,,WELL 1000/W85,1226,,Fall 2018,20,,63.71,63.71,active,63.71
202,623,69.65,2018-12-06 10:46:00,38930,,WELL1000 Foundations for Healthy Living - Scheck,,WELL 1000/07,1164,,Fall 2018,20,,69.65,69.65,active,69.65
203,656,64.76,2018-12-06 11:15:00,39415,,WELL1000 Foundations for Healthy Living - Weaver B.,,WELL 1000/24,1225,,Fall 2018,20,,64.76,64.76,active,64.76
204,653,42.43,2018-12-06 11:32:00,36503,,WELL1000 Foundations for Healthy Living - Online - Postell,,WELL 1000/W82,1217,,Fall 2018,20,,42.43,42.43,active,42.43
205,658,62.03,2018-12-06 11:33:00,37921,,WELL1000 Foundations for Healthy Living - Whitlock,,WELL 1000/10,1228,,Fall 2018,20,,62.03,62.03,active,62.03
206,641,67.28,2018-12-06 12:25:00,38049,,WELL1000 Foundations for Healthy Living - Online - Liner,,WELL 1000/W76,1195,,Fall 2018,20,,67.28,67.28,active,67.28
207,651,61.2,2018-12-06 12:25:00,43257,,WELL1000 Foundations for Healthy Living - Patterson,,WELL 1000/34,1214,,Fall 2018,20,,61.2,61.2,active,61.2
208,657,44.05,2018-12-06 02:09:00,37963,,WELL1000 Foundations for Healthy Living - Online - Weaver T.,,WELL 1000/W85,1226,,Fall 2018,20,,44.05,44.05,active,44.05
209,656,53.95,2018-12-06 02:19:00,41232,,WELL1000 Foundations for Healthy Living - Weaver B.,,WELL 1000/24,1225,,Fall 2018,20,,53.95,53.95,active,53.95
210,658,60.87,2018-12-06 04:50:00,38471,,WELL1000 Foundations for Healthy Living - Whitlock,,WELL 1000/11,1229,,Fall 2018,20,,60.87,60.87,active,60.87
211,698,67.67,2018-12-06 05:27:00,37730,,WELL1000/01 Foundations for a Healthy Living - Oberlton,,WELL 1000/01,1384,,Fall 2018,20,,67.67,67.67,active,67.67
212,656,59.6,2018-12-06 06:22:00,40407,,WELL1000 Foundations for Healthy Living - Weaver B.,,WELL 1000/22,1223,,Fall 2018,20,,59.6,59.6,active,59.6
213,655,57.91,2018-12-06 08:51:00,34833,,WELL1000 Foundations for Healthy Living - Online - Turchan,,WELL 1000/W84,1222,,Fall 2018,20,,60.65,57.91,active,60.65
214,629,68.14,2018-12-06 09:11:00,29619,,WELL1000 Foundations for Healthy Living - Bell,,WELL 1000/12,1171,,Fall 2018,20,,71.32,68.14,active,71.32
215,656,42.99,2018-12-06 09:20:00,39098,,WELL1000 Foundations for Healthy Living - Weaver B.,,WELL 1000/22,1223,,Fall 2018,20,,42.99,42.99,active,42.99
216,623,36.1,2018-12-06 09:38:00,39126,,WELL1000 Foundations for Healthy Living - Scheck,,WELL 1000/07,1164,,Fall 2018,20,,36.1,36.1,active,36.1
217,640,69.88,2018-12-06 09:41:00,39831,,WELL1000 Foundations for Healthy Living - Kelso,,WELL1000/15,1194,,Fall 2018,20,,69.88,69.88,active,69.88
218,657,64.0,2018-12-07 01:22:00,37315,,WELL1000 Foundations for Healthy Living - Online - Weaver T.,,WELL 1000/W86,1227,,Fall 2018,20,,64.0,64.0,active,64.0
219,656,60.43,2018-12-07 01:37:00,38455,,WELL1000 Foundations for Healthy Living - Weaver B.,,WELL 1000/24,1225,,Fall 2018,20,,60.43,60.43,active,60.43
220,629,67.98,2018-12-07 10:18:00,43310,,WELL1000 Foundations for Healthy Living - Bell,,WELL 1000/12,1171,,Fall 2018,20,,68.78,67.98,active,68.78
221,647,60.14,2018-12-07 12:37:00,37379,,WELL1000 Foundations for Healthy Living - McGowan,,WELL 1000/26,1209,,Fall 2018,20,,60.14,60.14,active,60.14
222,634,45.52,2018-12-07 12:46:00,37895,,WELL1000 Foundations for Healthy Living - Ellington,,WELL 1000/37,1181,,Fall 2018,20,,45.52,45.52,active,45.52
223,623,69.35,2018-12-07 02:26:00,38215,,WELL1000 Foundations for Healthy Living - Scheck,,WELL 1000/02,1160,,Fall 2018,20,,69.35,69.35,active,69.35
224,633,47.08,2018-12-07 03:16:00,38068,,WELL1000 Foundations for Healthy Living - Online - Clark,,WELL 1000/W64,1178,,Fall 2018,20,,49.31,47.08,active,49.31
225,634,67.66,2018-12-07 05:36:00,38564,,WELL1000 Foundations for Healthy Living - Ellington,,WELL 1000/37,1181,,Fall 2018,20,,67.66,67.66,active,67.66
226,698,60.94,2018-12-07 05:49:00,26969,,WELL1000/01 Foundations for a Healthy Living - Oberlton,,WELL 1000/01,1384,,Fall 2018,20,,60.94,60.94,active,60.94
227,631,64.74,2018-12-07 08:09:00,37427,,WELL1000 Foundations for Healthy Living - Online - Burleson,,WELL 1000/W62,1175,,Fall 2018,20,,64.74,64.74,active,64.74
228,634,37.03,2018-12-07 09:16:00,3686,,WELL1000 Foundations for Healthy Living - Ellington,,WELL 1000/36,1180,,Fall 2018,20,,37.03,37.03,active,37.03
229,658,61.25,2018-12-08 10:53:00,38092,,WELL1000 Foundations for Healthy Living - Whitlock,,WELL 1000/11,1229,,Fall 2018,20,,61.25,61.25,active,61.25
230,647,62.15,2018-12-08 11:36:00,37051,,WELL1000 Foundations for Healthy Living - McGowan,,WELL 1000/26,1209,,Fall 2018,20,,62.15,62.15,active,62.15
231,634,62.69,2018-12-08 11:50:00,38656,,WELL1000 Foundations for Healthy Living - Ellington,,WELL 1000/36,1180,,Fall 2018,20,,62.69,62.69,active,62.69
232,633,8.02,2018-12-08 02:14:00,37701,,WELL1000 Foundations for Healthy Living - Online - Clark,,WELL 1000/W65,1179,,Fall 2018,20,,8.02,8.02,active,8.02
233,647,47.69,2018-12-08 06:02:00,38310,,WELL1000 Foundations for Healthy Living - McGowan,,WELL 1000/25,1208,,Fall 2018,20,,47.69,47.69,active,47.69
234,642,27.63,2018-12-08 07:11:00,39855,,WELL1000 Foundations for Healthy Living - Lubben,,WELL1000/18,1197,,Fall 2018,20,,30.06,27.63,active,30.06
235,636,65.42,2018-12-08 08:41:00,38750,,WELL1000 Foundations for Healthy Living - Online - Gerda,,WELL 1000/W69,1186,,Fall 2018,20,,65.42,65.42,active,65.42
236,642,26.91,2018-12-08 08:51:00,39840,,WELL1000 Foundations for Healthy Living - Lubben,,WELL1000/18,1197,,Fall 2018,20,,29.28,26.91,active,29.28
237,648,63.2,2018-12-08 09:05:00,30096,,WELL1000 Foundations for Healthy Living - Nikitin,,WELL 1000/28,1235,,Fall 2018,20,,65.26,63.2,active,65.26
238,647,52.71,2018-12-09 01:15:00,38980,,WELL1000 Foundations for Healthy Living - McGowan,,WELL 1000/25,1208,,Fall 2018,20,,52.71,52.71,active,52.71
239,623,64.48,2018-12-09 10:51:00,37117,,WELL1000 Foundations for Healthy Living - Scheck,,WELL 1000/07,1164,,Fall 2018,20,,64.48,64.48,active,64.48
240,634,15.03,2018-12-09 11:14:00,42632,,WELL1000 Foundations for Healthy Living - Ellington,,WELL 1000/36,1180,,Fall 2018,20,,15.03,15.03,active,15.03
241,642,45.61,2018-12-09 03:34:00,39568,,WELL1000 Foundations for Healthy Living - Lubben,,WELL1000/19,1198,,Fall 2018,20,,49.64,45.61,active,49.64
242,658,56.92,2018-12-09 07:20:00,39715,,WELL1000 Foundations for Healthy Living - Whitlock,,WELL 1000/10,1228,,Fall 2018,20,,58.49,56.92,active,58.49
243,651,59.15,2018-12-09 08:19:00,39806,,WELL1000 Foundations for Healthy Living - Patterson,,WELL 1000/35,1215,,Fall 2018,20,,59.15,59.15,active,59.15
244,654,66.35,2018-12-09 09:02:00,40027,,WELL1000 Foundations for Healthy Living - Ravenscraft,,WELL 1000/31,1220,,Fall 2018,20,,66.35,66.35,active,66.35
245,657,61.26,2018-12-09 09:31:00,41745,,WELL1000 Foundations for Healthy Living - Online - Weaver T.,,WELL 1000/W85,1226,,Fall 2018,20,,61.26,61.26,active,61.26
246,655,63.14,2018-12-09 09:39:00,37923,,WELL1000 Foundations for Healthy Living - Online - Turchan,,WELL 1000/W84,1222,,Fall 2018,20,,66.13,63.14,active,66.13
247,659,67.07,2018-12-09 09:50:00,38403,,WELL1000 Foundations for Healthy Living - Online - Worrall,,WELL 1000/W88,1231,,Fall 2018,20,,67.07,67.07,active,67.07
248,628,58.79,2018-11-09 09:35:00,37255,,WELL1000 Foundations for Healthy Living - Online - Barrett-Williams,,WELL 1000/W61,1170,,Fall 2018,20,,58.79,58.79,active,58.79
249,627,23.08,2018-09-26 06:35:00,38718,,WELL1000 Foundations for Healthy Living - Balkema,,WELL 1000/33,1168,,Fall 2018,20,,23.08,23.08,active,23.08
250,649,51.52,2018-11-30 04:24:00,39324,,WELL1000 Foundations for Healthy Living - Oberlton,,WELL1000/H01,1211,,Fall 2018,20,,51.78,51.52,active,51.78
251,652,0.0,2018-11-01 11:35:00,39740,,WELL1000 Foundations for Healthy Living - Online - Patterson,,WELL 1000/W80,1216,,Fall 2018,20,,0.0,0.0,active,0.0
252,698,39.92,2018-11-01 12:35:00,39387,,WELL1000/01 Foundations for a Healthy Living - Oberlton,,WELL 1000/01,1384,,Fall 2018,20,,39.92,39.92,active,39.92
253,655,29.51,2018-11-01 07:00:00,37573,,WELL1000 Foundations for Healthy Living - Online - Turchan,,WELL 1000/W83,1221,,Fall 2018,20,,29.51,29.51,active,29.51
254,638,34.01,2018-11-01 08:13:00,37997,,WELL1000 Foundations for Healthy Living - Online - Johnson B.,,WELL 1000/W74,1189,,Fall 2018,20,,35.62,34.01,active,35.62
255,659,31.97,2018-11-10 10:01:00,38129,,WELL1000 Foundations for Healthy Living - Online - Worrall,,WELL 1000/W88,1231,,Fall 2018,20,,31.97,31.97,active,31.97
256,658,34.84,2018-11-10 10:02:00,39416,,WELL1000 Foundations for Healthy Living - Whitlock,,WELL 1000/11,1229,,Fall 2018,20,,34.84,34.84,active,34.84
257,657,42.3,2018-11-12 12:21:00,40025,,WELL1000 Foundations for Healthy Living - Online - Weaver T.,,WELL 1000/W85,1226,,Fall 2018,20,,42.3,42.3,active,42.3
258,643,34.34,2018-11-13 02:08:00,39420,,WELL1000 Foundations for Healthy Living - Maddox,,WELL 1000/16,1199,,Fall 2018,20,,32.72,34.34,active,32.72
259,623,54.51,2018-11-14 10:16:00,37174,,WELL1000 Foundations for Healthy Living - Scheck,,WELL 1000/02,1160,,Fall 2018,20,,54.51,54.51,active,54.51
260,633,68.34,2018-11-14 11:42:00,40273,,WELL1000 Foundations for Healthy Living - Online - Clark,,WELL 1000/W64,1178,,Fall 2018,20,,68.34,68.34,active,68.34
261,673,5.78,2018-11-14 04:54:00,40493,,WELL1000 Foundations for Healthy Living - Anderson,,WELL 1000/44,1351,,Fall 2018,20,,6.06,5.78,active,6.06
262,698,63.32,2018-11-15 11:22:00,39071,,WELL1000/01 Foundations for a Healthy Living - Oberlton,,WELL 1000/01,1384,,Fall 2018,20,,63.32,63.32,active,63.32
263,632,37.84,2018-11-15 12:13:00,42064,,WELL1000 Foundations for Healthy Living - Campbell,,WELL 1000/43,1177,,Fall 2018,20,,40.79,37.84,active,40.79
264,698,42.59,2018-11-15 04:25:00,39500,,WELL1000/01 Foundations for a Healthy Living - Oberlton,,WELL 1000/01,1384,,Fall 2018,20,,42.59,42.59,active,42.59
265,655,57.39,2018-11-16 01:25:00,34871,,WELL1000 Foundations for Healthy Living - Online - Turchan,,WELL 1000/W84,1222,,Fall 2018,20,,60.11,57.39,active,60.11
266,696,37.1,2018-11-16 03:07:00,39832,,WELL1000 Foundations for Healthy Living - Buecker,,WELL 1000/47,1353,,Fall 2018,20,,39.19,37.1,active,39.19
267,641,6.21,2018-11-17 10:12:00,39055,,WELL1000 Foundations for Healthy Living - Online - Liner,,WELL 1000/W77,1196,,Fall 2018,20,,6.21,6.21,active,6.21
268,696,50.38,2018-11-02 08:59:00,39782,,WELL1000 Foundations for Healthy Living - Buecker,,WELL 1000/47,1353,,Fall 2018,20,,53.21,50.38,active,53.21
269,650,40.11,2018-11-21 09:37:00,38572,,WELL1000 Foundations for Healthy Living - Online - Oberlton,,WELL 1000/W78,1212,,Fall 2018,20,,40.11,40.11,active,40.11
270,659,46.91,2018-11-22 06:35:00,37928,,WELL1000 Foundations for Healthy Living - Online - Worrall,,WELL 1000/W87,1230,,Fall 2018,20,,46.91,46.91,active,46.91
271,642,49.41,2018-11-23 10:55:00,39869,,WELL1000 Foundations for Healthy Living - Lubben,,WELL1000/19,1198,,Fall 2018,20,,51.12,49.41,active,51.12
272,632,49.64,2018-11-23 02:25:00,23220,,WELL1000 Foundations for Healthy Living - Campbell,,WELL 1000/43,1177,,Fall 2018,20,,50.86,49.64,active,50.86
273,642,63.34,2018-11-25 10:13:00,39709,,WELL1000 Foundations for Healthy Living - Lubben,,WELL1000/19,1198,,Fall 2018,20,,65.52,63.34,active,65.52
274,634,34.87,2018-11-25 02:05:00,39499,,WELL1000 Foundations for Healthy Living - Ellington,,WELL 1000/36,1180,,Fall 2018,20,,34.87,34.87,active,34.87
275,631,47.01,2018-11-26 02:58:00,37718,,WELL1000 Foundations for Healthy Living - Online - Burleson,,WELL 1000/W63,1176,,Fall 2018,20,,49.23,47.01,active,49.23
276,635,35.21,2018-11-27 11:22:00,34787,,WELL1000 Foundations for Healthy Living - Online - Fortenberry,,WELL1000/W66,1183,,Fall 2018,20,,36.87,35.21,active,36.87
277,633,56.35,2018-11-27 08:46:00,39927,,WELL1000 Foundations for Healthy Living - Online - Clark,,WELL 1000/W65,1179,,Fall 2018,20,,56.35,56.35,active,56.35
278,634,55.57,2018-11-28 10:14:00,38230,,WELL1000 Foundations for Healthy Living - Ellington,,WELL 1000/36,1180,,Fall 2018,20,,55.57,55.57,active,55.57
279,674,32.91,2018-11-28 12:11:00,39541,,WELL1000 Foundations for Healthy Living - Bryant,,WELL 1000/46,1352,,Fall 2018,20,,33.26,32.91,active,33.26
280,658,38.35,2018-11-28 12:21:00,32093,,WELL1000 Foundations for Healthy Living - Whitlock,,WELL 1000/10,1228,,Fall 2018,20,,38.35,38.35,active,38.35
281,674,64.2,2018-11-28 02:12:00,39421,,WELL1000 Foundations for Healthy Living - Bryant,,WELL 1000/46,1352,,Fall 2018,20,,64.88,64.2,active,64.88
282,636,65.09,2018-11-28 07:18:00,39214,,WELL1000 Foundations for Healthy Living - Online - Gerda,,WELL 1000/W68,1185,,Fall 2018,20,,65.09,65.09,active,65.09
283,623,67.24,2018-11-28 08:05:00,39908,,WELL1000 Foundations for Healthy Living - Scheck,,WELL 1000/07,1164,,Fall 2018,20,,67.24,67.24,active,67.24
284,634,37.73,2018-11-29 01:01:00,35264,,WELL1000 Foundations for Healthy Living - Ellington,,WELL 1000/37,1181,,Fall 2018,20,,37.73,37.73,active,37.73
285,673,25.1,2018-11-29 01:15:00,43263,,WELL1000 Foundations for Healthy Living - Anderson,,WELL 1000/44,1351,,Fall 2018,20,,26.31,25.1,active,26.31
286,674,42.49,2018-11-29 10:53:00,39472,,WELL1000 Foundations for Healthy Living - Bryant,,WELL 1000/46,1352,,Fall 2018,20,,42.94,42.49,active,42.94
287,633,50.13,2018-11-29 12:10:00,38553,,WELL1000 Foundations for Healthy Living - Online - Clark,,WELL 1000/W65,1179,,Fall 2018,20,,51.61,50.13,active,51.61
288,637,67.08,2018-11-29 05:25:00,37243,,WELL1000 Foundations for Healthy Living - Online - Howton,,WELL 1000/W70,1187,,Fall 2018,20,,67.08,67.08,active,67.08
289,631,61.86,2018-11-29 05:56:00,37487,,WELL1000 Foundations for Healthy Living - Online - Burleson,,WELL 1000/W62,1175,,Fall 2018,20,,61.86,61.86,active,61.86
290,646,48.0,2018-11-29 07:07:00,38379,,WELL1000 Foundations for Healthy Living - McCall,,WELL 1000/38,1205,,Fall 2018,20,,48.0,48.0,active,48.0
291,657,34.32,2018-11-29 08:44:00,37705,,WELL1000 Foundations for Healthy Living - Online - Weaver T.,,WELL 1000/W85,1226,,Fall 2018,20,,34.32,34.32,active,34.32
292,644,32.72,2018-11-29 09:53:00,42298,,WELL1000 Foundations for Healthy Living - Mao,,WELL 1000/05,1202,,Fall 2018,20,,32.72,32.72,active,32.72
293,644,38.47,2018-11-03 12:07:00,40193,,WELL1000 Foundations for Healthy Living - Mao,,WELL 1000/05,1202,,Fall 2018,20,,38.47,38.47,active,38.47
294,658,60.86,2018-11-30 01:01:00,38890,,WELL1000 Foundations for Healthy Living - Whitlock,,WELL 1000/11,1229,,Fall 2018,20,,60.86,60.86,active,60.86
295,659,66.87,2018-11-30 01:03:00,38914,,WELL1000 Foundations for Healthy Living - Online - Worrall,,WELL 1000/W88,1231,,Fall 2018,20,,66.87,66.87,active,66.87
296,632,69.88,2018-11-30 10:49:00,41518,,WELL1000 Foundations for Healthy Living - Campbell,,WELL 1000/43,1177,,Fall 2018,20,,75.33,69.88,active,75.33
297,674,55.75,2018-11-30 10:59:00,39020,,WELL1000 Foundations for Healthy Living - Bryant,,WELL 1000/46,1352,,Fall 2018,20,,56.35,55.75,active,56.35
298,651,41.6,2018-11-30 11:11:00,40099,,WELL1000 Foundations for Healthy Living - Patterson,,WELL 1000/35,1215,,Fall 2018,20,,41.6,41.6,active,41.6
299,646,62.65,2018-11-30 11:23:00,38857,,WELL1000 Foundations for Healthy Living - McCall,,WELL 1000/40,1207,,Fall 2018,20,,62.65,62.65,active,62.65
300,636,49.6,2018-11-30 11:32:00,22030,,WELL1000 Foundations for Healthy Living - Online - Gerda,,WELL 1000/W69,1186,,Fall 2018,20,,49.6,49.6,active,49.6
301,631,69.41,2018-11-30 11:34:00,16467,,WELL1000 Foundations for Healthy Living - Online - Burleson,,WELL 1000/W62,1175,,Fall 2018,20,,69.41,69.41,active,69.41
302,673,45.26,2018-11-30 12:04:00,43284,,WELL1000 Foundations for Healthy Living - Anderson,,WELL 1000/44,1351,,Fall 2018,20,,47.45,45.26,active,47.45
303,640,68.92,2018-11-30 12:06:00,42926,,WELL1000 Foundations for Healthy Living - Kelso,,WELL1000/15,1194,,Fall 2018,20,,68.92,68.92,active,68.92
304,647,65.08,2018-11-30 03:40:00,38174,,WELL1000 Foundations for Healthy Living - McGowan,,WELL 1000/25,1208,,Fall 2018,20,,67.25,65.08,active,67.25
305,631,65.91,2018-11-30 03:59:00,39899,,WELL1000 Foundations for Healthy Living - Online - Burleson,,WELL 1000/W62,1175,,Fall 2018,20,,65.91,65.91,active,65.91
306,647,64.44,2018-11-30 04:10:00,38238,,WELL1000 Foundations for Healthy Living - McGowan,,WELL 1000/27,1210,,Fall 2018,20,,65.14,64.44,active,65.14
307,646,20.65,2018-11-30 04:16:00,38171,,WELL1000 Foundations for Healthy Living - McCall,,WELL 1000/38,1205,,Fall 2018,20,,20.65,20.65,active,20.65
308,631,60.22,2018-11-30 04:33:00,37728,,WELL1000 Foundations for Healthy Living - Online - Burleson,,WELL 1000/W62,1175,,Fall 2018,20,,60.22,60.22,active,60.22
309,640,61.64,2018-11-30 04:36:00,39136,,WELL1000 Foundations for Healthy Living - Kelso,,WELL1000/14,1193,,Fall 2018,20,,61.64,61.64,active,61.64
310,636,63.84,2018-11-30 04:48:00,39786,,WELL1000 Foundations for Healthy Living - Online - Gerda,,WELL 1000/W68,1185,,Fall 2018,20,,63.84,63.84,active,63.84
311,637,55.45,2018-11-30 04:49:00,40137,,WELL1000 Foundations for Healthy Living - Online - Howton,,WELL 1000/W70,1187,,Fall 2018,20,,55.45,55.45,active,55.45
312,674,60.82,2018-11-30 04:51:00,21624,,WELL1000 Foundations for Healthy Living - Bryant,,WELL 1000/46,1352,,Fall 2018,20,,61.47,60.82,active,61.47
313,640,40.95,2018-11-30 04:55:00,18752,,WELL1000 Foundations for Healthy Living - Kelso,,WELL1000/14,1193,,Fall 2018,20,,40.95,40.95,active,40.95
314,655,42.58,2018-11-30 05:00:00,37367,,WELL1000 Foundations for Healthy Living - Online - Turchan,,WELL 1000/W83,1221,,Fall 2018,20,,44.6,42.58,active,44.6
315,640,50.69,2018-11-30 05:03:00,43213,,WELL1000 Foundations for Healthy Living - Kelso,,WELL1000/15,1194,,Fall 2018,20,,53.32,50.69,active,53.32
316,624,69.52,2018-11-30 05:44:00,38584,,WELL1000 Foundations for Healthy Living - Rendini,,WELL 1000/03,1161,,Fall 2018,20,,71.61,69.52,active,71.61
317,647,54.71,2018-11-30 06:24:00,37863,,WELL1000 Foundations for Healthy Living - McGowan,,WELL 1000/27,1210,,Fall 2018,20,,54.71,54.71,active,54.71
318,657,30.9,2018-11-30 07:48:00,37322,,WELL1000 Foundations for Healthy Living - Online - Weaver T.,,WELL 1000/W86,1227,,Fall 2018,20,,30.9,30.9,active,30.9
319,653,64.3,2018-11-30 08:02:00,32147,,WELL1000 Foundations for Healthy Living - Online - Postell,,WELL 1000/W82,1217,,Fall 2018,20,,64.3,64.3,active,64.3
320,636,63.79,2018-11-30 08:18:00,37250,,WELL1000 Foundations for Healthy Living - Online - Gerda,,WELL 1000/W68,1185,,Fall 2018,20,,63.79,63.79,active,63.79
321,659,52.16,2018-11-30 08:44:00,37476,,WELL1000 Foundations for Healthy Living - Online - Worrall,,WELL 1000/W88,1231,,Fall 2018,20,,52.16,52.16,active,52.16
322,635,65.91,2018-11-30 09:01:00,34160,,WELL1000 Foundations for Healthy Living - Online - Fortenberry,,WELL1000/W67,1184,,Fall 2018,20,,65.91,65.91,active,65.91
323,655,31.23,2018-11-04 10:18:00,40159,,WELL1000 Foundations for Healthy Living - Online - Turchan,,WELL 1000/W84,1222,,Fall 2018,20,,32.14,31.23,active,32.14
324,638,26.99,2018-11-04 09:26:00,37479,,WELL1000 Foundations for Healthy Living - Online - Johnson B.,,WELL 1000/W75,1190,,Fall 2018,20,,28.26,26.99,active,28.26
325,626,36.44,2018-11-05 06:50:00,39731,,WELL1000 Foundations for Healthy Living - Aenchbacher,,WELL 1000/08,1165,,Fall 2018,20,,36.44,36.44,active,36.44
326,674,43.89,2018-11-05 09:00:00,37913,,WELL1000 Foundations for Healthy Living - Bryant,,WELL 1000/46,1352,,Fall 2018,20,,44.36,43.89,active,44.36
327,623,10.32,2018-11-07 02:14:00,40291,,WELL1000 Foundations for Healthy Living - Scheck,,WELL 1000/07,1164,,Fall 2018,20,,10.32,10.32,active,10.32
328,638,12.32,2018-11-07 02:14:00,37327,,WELL1000 Foundations for Healthy Living - Online - Johnson B.,,WELL 1000/W75,1190,,Fall 2018,20,,12.9,12.32,active,12.9
329,627,49.45,2018-11-07 05:48:00,21257,,WELL1000 Foundations for Healthy Living - Balkema,,WELL 1000/33,1168,,Fall 2018,20,,49.45,49.45,active,49.45
330,637,47.23,2018-11-07 08:13:00,37055,,WELL1000 Foundations for Healthy Living - Online - Howton,,WELL 1000/W70,1187,,Fall 2018,20,,49.43,47.23,active,49.43
331,626,18.9,2018-11-08 10:05:00,40153,,WELL1000 Foundations for Healthy Living - Aenchbacher,,WELL 1000/09,1166,,Fall 2018,20,,18.9,18.9,active,18.9
332,624,49.56,2018-11-08 06:53:00,38478,,WELL1000 Foundations for Healthy Living - Rendini,,WELL 1000/03,1161,,Fall 2018,20,,51.06,49.56,active,51.06
333,636,40.96,2018-11-09 10:13:00,30858,,WELL1000 Foundations for Healthy Living - Online - Gerda,,WELL 1000/W69,1186,,Fall 2018,20,,40.96,40.96,active,40.96
334,652,47.79,2018-11-09 02:19:00,37471,,WELL1000 Foundations for Healthy Living - Online - Patterson,,WELL 1000/W80,1216,,Fall 2018,20,,47.79,47.79,active,47.79
335,628,36.34,2018-11-09 02:42:00,38055,,WELL1000 Foundations for Healthy Living - Online - Barrett-Williams,,WELL 1000/W61,1170,,Fall 2018,20,,36.34,36.34,active,36.34
336,626,62.24,2018-11-09 03:20:00,18774,,WELL1000 Foundations for Healthy Living - Aenchbacher,,WELL 1000/08,1165,,Fall 2018,20,,62.24,62.24,active,62.24
337,640,45.99,2018-11-09 03:49:00,39762,,WELL1000 Foundations for Healthy Living - Kelso,,WELL1000/15,1194,,Fall 2018,20,,48.38,45.99,active,48.38
338,637,51.19,2018-11-09 04:06:00,2168,,WELL1000 Foundations for Healthy Living - Online - Howton,,WELL 1000/W70,1187,,Fall 2018,20,,53.57,51.19,active,53.57
339,626,50.8,2018-11-09 04:36:00,33781,,WELL1000 Foundations for Healthy Living - Aenchbacher,,WELL 1000/09,1166,,Fall 2018,20,,50.8,50.8,active,50.8
340,635,31.52,2018-11-09 04:43:00,38076,,WELL1000 Foundations for Healthy Living - Online - Fortenberry,,WELL1000/W67,1184,,Fall 2018,20,,33.01,31.52,active,33.01
341,658,50.75,2018-11-09 06:46:00,39032,,WELL1000 Foundations for Healthy Living - Whitlock,,WELL 1000/10,1228,,Fall 2018,20,,50.75,50.75,active,50.75
342,634,2.26,2018-10-01 10:07:00,43333,,WELL1000 Foundations for Healthy Living - Ellington,,WELL 1000/36,1180,,Fall 2018,20,,2.26,2.26,active,2.26
343,634,14.68,2018-10-01 10:10:00,43029,,WELL1000 Foundations for Healthy Living - Ellington,,WELL 1000/36,1180,,Fall 2018,20,,14.68,14.68,active,14.68
344,659,5.59,2018-10-01 11:08:00,39557,,WELL1000 Foundations for Healthy Living - Online - Worrall,,WELL 1000/W88,1231,,Fall 2018,20,,10.42,5.59,concluded,10.42
345,657,35.44,2018-10-01 12:56:00,38305,,WELL1000 Foundations for Healthy Living - Online - Weaver T.,,WELL 1000/W86,1227,,Fall 2018,20,,35.44,35.44,active,35.44
346,633,9.04,2018-10-01 02:10:00,38259,,WELL1000 Foundations for Healthy Living - Online - Clark,,WELL 1000/W64,1178,,Fall 2018,20,,9.47,9.04,active,9.47
347,652,29.89,2018-10-01 02:15:00,29364,,WELL1000 Foundations for Healthy Living - Online - Patterson,,WELL 1000/W80,1216,,Fall 2018,20,,29.89,29.89,active,29.89
348,632,4.82,2018-10-01 03:15:00,38135,,WELL1000 Foundations for Healthy Living - Campbell,,WELL 1000/43,1177,,Fall 2018,20,,5.19,4.82,active,5.19
349,634,20.28,2018-10-01 04:56:00,39408,,WELL1000 Foundations for Healthy Living - Ellington,,WELL 1000/37,1181,,Fall 2018,20,,20.28,20.28,active,20.28
350,634,10.75,2018-10-01 06:27:00,38802,,WELL1000 Foundations for Healthy Living - Ellington,,WELL 1000/37,1181,,Fall 2018,20,,10.75,10.75,active,10.75
351,636,25.12,2018-10-01 09:18:00,22124,,WELL1000 Foundations for Healthy Living - Online - Gerda,,WELL 1000/W68,1185,,Fall 2018,20,,25.12,25.12,active,25.12
352,658,31.51,2018-10-10 02:03:00,39054,,WELL1000 Foundations for Healthy Living - Whitlock,,WELL 1000/11,1229,,Fall 2018,20,,31.51,31.51,active,31.51
353,647,19.73,2018-10-10 03:06:00,40997,,WELL1000 Foundations for Healthy Living - McGowan,,WELL 1000/27,1210,,Fall 2018,20,,19.73,19.73,active,19.73
354,658,18.6,2018-10-10 05:07:00,38045,,WELL1000 Foundations for Healthy Living - Whitlock,,WELL 1000/11,1229,,Fall 2018,20,,18.6,18.6,active,18.6
355,654,22.06,2018-10-14 06:25:00,21984,,WELL1000 Foundations for Healthy Living - Ravenscraft,,WELL 1000/30,1219,,Fall 2018,20,,22.06,22.06,active,22.06
356,658,17.53,2018-10-15 01:55:00,39744,,WELL1000 Foundations for Healthy Living - Whitlock,,WELL 1000/10,1228,,Fall 2018,20,,19.64,17.53,active,19.64
357,637,16.44,2018-10-15 10:07:00,38974,,WELL1000 Foundations for Healthy Living - Online - Howton,,WELL 1000/W70,1187,,Fall 2018,20,,17.21,16.44,active,17.21
358,648,9.57,2018-10-15 11:09:00,28184,,WELL1000 Foundations for Healthy Living - Nikitin,,WELL 1000/29,1236,,Fall 2018,20,,9.88,9.57,active,9.88
359,624,36.0,2018-10-15 06:46:00,39988,,WELL1000 Foundations for Healthy Living - Rendini,,WELL 1000/03,1161,,Fall 2018,20,,37.08,36.0,active,37.08
360,655,24.01,2018-10-16 12:20:00,35715,,WELL1000 Foundations for Healthy Living - Online - Turchan,,WELL 1000/W84,1222,,Fall 2018,20,,24.01,24.01,active,24.01
361,652,4.18,2018-10-17 03:03:00,39897,,WELL1000 Foundations for Healthy Living - Online - Patterson,,WELL 1000/W80,1216,,Fall 2018,20,,4.18,4.18,active,4.18
362,640,27.16,2018-10-18 06:52:00,43303,,WELL1000 Foundations for Healthy Living - Kelso,,WELL1000/14,1193,,Fall 2018,20,,28.57,27.16,active,28.57
363,633,51.48,2018-10-18 08:46:00,37555,,WELL1000 Foundations for Healthy Living - Online - Clark,,WELL 1000/W64,1178,,Fall 2018,20,,53.92,51.48,active,53.92
364,652,5.31,2018-10-19 10:36:00,37656,,WELL1000 Foundations for Healthy Living - Online - Patterson,,WELL 1000/W80,1216,,Fall 2018,20,,5.31,5.31,active,5.31
365,651,40.09,2018-10-19 12:36:00,37469,,WELL1000 Foundations for Healthy Living - Patterson,,WELL 1000/35,1215,,Fall 2018,20,,40.09,40.09,active,40.09
366,646,10.29,2018-10-19 02:29:00,35615,,WELL1000 Foundations for Healthy Living - McCall,,WELL 1000/38,1205,,Fall 2018,20,,10.29,10.29,active,10.29
367,627,63.15,2018-10-19 03:07:00,39909,,WELL1000 Foundations for Healthy Living - Balkema,,WELL 1000/32,1167,,Fall 2018,20,,63.15,63.15,active,63.15
368,657,67.44,2018-10-19 03:07:00,37166,,WELL1000 Foundations for Healthy Living - Online - Weaver T.,,WELL 1000/W86,1227,,Fall 2018,20,,67.44,67.44,active,67.44
369,638,55.62,2018-10-19 04:04:00,2899,,WELL1000 Foundations for Healthy Living - Online - Johnson B.,,WELL 1000/W75,1190,,Fall 2018,20,,58.25,55.62,active,58.25
370,631,55.3,2018-10-19 04:55:00,40289,,WELL1000 Foundations for Healthy Living - Online - Burleson,,WELL 1000/W63,1176,,Fall 2018,20,,57.92,55.3,active,57.92
371,628,56.25,2018-10-19 04:56:00,37279,,WELL1000 Foundations for Healthy Living - Online - Barrett-Williams,,WELL 1000/W60,1169,,Fall 2018,20,,56.25,56.25,active,56.25
372,633,6.21,2018-10-19 05:19:00,39765,,WELL1000 Foundations for Healthy Living - Online - Clark,,WELL 1000/W64,1178,,Fall 2018,20,,6.51,6.21,active,6.51
373,639,34.94,2018-10-19 09:22:00,31703,,WELL1000 Foundations for Healthy Living - Online - Johnson,,WELL 1000/W72,1191,,Fall 2018,20,,34.94,34.94,active,34.94
374,673,18.32,2018-10-02 02:09:00,36912,,WELL1000 Foundations for Healthy Living - Anderson,,WELL 1000/44,1351,,Fall 2018,20,,19.21,18.32,active,19.21
375,648,0.0,2018-10-02 04:31:00,43379,,WELL1000 Foundations for Healthy Living - Nikitin,,WELL 1000/28,1235,,Fall 2018,20,,0.0,0.0,active,0.0
376,656,11.92,2018-10-02 06:25:00,38483,,WELL1000 Foundations for Healthy Living - Weaver B.,,WELL 1000/24,1225,,Fall 2018,20,,11.92,11.92,active,11.92
377,639,27.37,2018-10-21 12:41:00,36486,,WELL1000 Foundations for Healthy Living - Online - Johnson,,WELL 1000/W72,1191,,Fall 2018,20,,27.37,27.37,active,27.37
378,650,8.47,2018-10-22 02:06:00,38921,,WELL1000 Foundations for Healthy Living - Online - Oberlton,,WELL 1000/W78,1212,,Fall 2018,20,,8.47,8.47,active,8.47
379,637,24.59,2018-10-24 03:20:00,40954,,WELL1000 Foundations for Healthy Living - Online - Howton,,WELL 1000/W70,1187,,Fall 2018,20,,25.74,24.59,active,25.74
380,674,7.41,2018-10-24 07:41:00,37059,,WELL1000 Foundations for Healthy Living - Bryant,,WELL 1000/46,1352,,Fall 2018,20,,7.49,7.41,active,7.49
381,652,48.61,2018-10-25 11:22:00,37534,,WELL1000 Foundations for Healthy Living - Online - Patterson,,WELL 1000/W80,1216,,Fall 2018,20,,48.61,48.61,active,48.61
382,655,60.18,2018-10-25 04:16:00,14603,,WELL1000 Foundations for Healthy Living - Online - Turchan,,WELL 1000/W83,1221,,Fall 2018,20,,63.03,60.18,active,63.03
383,644,43.95,2018-10-28 10:37:00,39076,,WELL1000 Foundations for Healthy Living - Mao,,WELL 1000/04,1201,,Fall 2018,20,,43.95,43.95,active,43.95
384,641,37.23,2018-10-28 06:42:00,38023,,WELL1000 Foundations for Healthy Living - Online - Liner,,WELL 1000/W77,1196,,Fall 2018,20,,37.23,37.23,active,37.23
385,656,27.02,2018-10-29 10:49:00,39384,,WELL1000 Foundations for Healthy Living - Weaver B.,,WELL 1000/24,1225,,Fall 2018,20,,27.02,27.02,active,27.02
386,658,52.15,2018-10-29 12:06:00,37173,,WELL1000 Foundations for Healthy Living - Whitlock,,WELL 1000/10,1228,,Fall 2018,20,,52.15,52.15,active,52.15
387,658,23.55,2018-10-29 05:19:00,18653,,WELL1000 Foundations for Healthy Living - Whitlock,,WELL 1000/11,1229,,Fall 2018,20,,23.55,23.55,active,23.55
388,633,34.69,2018-10-03 01:36:00,37974,,WELL1000 Foundations for Healthy Living - Online - Clark,,WELL 1000/W65,1179,,Fall 2018,20,,36.33,34.69,active,36.33
389,648,35.87,2018-10-03 11:15:00,41118,,WELL1000 Foundations for Healthy Living - Nikitin,,WELL 1000/28,1235,,Fall 2018,20,,37.03,35.87,active,37.03
390,634,21.1,2018-10-03 11:17:00,37903,,WELL1000 Foundations for Healthy Living - Ellington,,WELL 1000/37,1181,,Fall 2018,20,,40.32,21.1,concluded,40.32
391,635,13.16,2018-10-03 12:20:00,23402,,WELL1000 Foundations for Healthy Living - Online - Fortenberry,,WELL1000/W67,1184,,Fall 2018,20,,13.79,13.16,active,13.79
392,656,3.23,2018-10-03 12:32:00,39592,,WELL1000 Foundations for Healthy Living - Weaver B.,,WELL 1000/22,1223,,Fall 2018,20,,3.75,3.23,active,3.75
393,634,10.63,2018-10-03 03:16:00,39104,,WELL1000 Foundations for Healthy Living - Ellington,,WELL 1000/36,1180,,Fall 2018,20,,10.63,10.63,active,10.63
394,623,1.24,2018-10-03 03:46:00,34056,,WELL1000 Foundations for Healthy Living - Scheck,,WELL 1000/07,1164,,Fall 2018,20,,1.24,1.24,active,1.24
395,624,8.57,2018-10-03 04:41:00,40934,,WELL1000 Foundations for Healthy Living - Rendini,,WELL 1000/03,1161,,Fall 2018,20,,8.83,8.57,active,8.83
396,654,32.83,2018-10-03 09:07:00,39281,,WELL1000 Foundations for Healthy Living - Ravenscraft,,WELL 1000/30,1219,,Fall 2018,20,,32.83,32.83,active,32.83
397,654,25.98,2018-10-03 09:48:00,39991,,WELL1000 Foundations for Healthy Living - Ravenscraft,,WELL 1000/30,1219,,Fall 2018,20,,25.98,25.98,active,25.98
398,623,21.29,2018-10-31 10:06:00,39809,,WELL1000 Foundations for Healthy Living - Scheck,,WELL 1000/07,1164,,Fall 2018,20,,21.29,21.29,active,21.29
399,635,28.14,2018-10-31 11:41:00,38941,,WELL1000 Foundations for Healthy Living - Online - Fortenberry,,WELL1000/W67,1184,,Fall 2018,20,,29.47,28.14,active,29.47
400,658,0.0,2018-10-31 04:02:00,40258,,WELL1000 Foundations for Healthy Living - Whitlock,,WELL 1000/11,1229,,Fall 2018,20,,0.0,0.0,active,0.0
401,643,30.4,2018-10-31 06:45:00,41281,,WELL1000 Foundations for Healthy Living - Maddox,,WELL 1000/16,1199,,Fall 2018,20,,30.77,30.4,active,30.77
402,653,12.09,2018-10-04 09:18:00,38758,,WELL1000 Foundations for Healthy Living - Online - Postell,,WELL 1000/W82,1217,,Fall 2018,20,,12.66,12.09,active,12.66
403,635,6.21,2018-10-05 01:31:00,37546,,WELL1000 Foundations for Healthy Living - Online - Fortenberry,,WELL1000/W67,1184,,Fall 2018,20,,6.51,6.21,active,6.51
404,627,27.19,2018-10-05 11:12:00,39707,,WELL1000 Foundations for Healthy Living - Balkema,,WELL 1000/32,1167,,Fall 2018,20,,27.19,27.19,active,27.19
405,636,18.08,2018-10-05 12:50:00,38378,,WELL1000 Foundations for Healthy Living - Online - Gerda,,WELL 1000/W68,1185,,Fall 2018,20,,18.08,18.08,active,18.08
406,623,27.92,2018-10-05 02:16:00,4103,,WELL1000 Foundations for Healthy Living - Scheck,,WELL 1000/07,1164,,Fall 2018,20,,27.92,27.92,active,27.92
407,674,51.49,2018-10-05 03:58:00,35470,,WELL1000 Foundations for Healthy Living - Bryant,,WELL 1000/46,1352,,Fall 2018,20,,52.04,51.49,active,52.04
408,639,23.95,2018-10-05 04:00:00,37181,,WELL1000 Foundations for Healthy Living - Online - Johnson,,WELL 1000/W72,1191,,Fall 2018,20,,23.95,23.95,active,23.95
409,657,28.16,2018-10-05 04:56:00,35628,,WELL1000 Foundations for Healthy Living - Online - Weaver T.,,WELL 1000/W86,1227,,Fall 2018,20,,28.16,28.16,active,28.16
410,653,13.12,2018-10-05 04:58:00,39563,,WELL1000 Foundations for Healthy Living - Online - Postell,,WELL 1000/W82,1217,,Fall 2018,20,,13.74,13.12,active,13.74
411,653,42.0,2018-10-05 08:15:00,23698,,WELL1000 Foundations for Healthy Living - Online - Postell,,WELL 1000/W82,1217,,Fall 2018,20,,43.99,42.0,active,43.99
412,638,42.09,2018-10-06 06:03:00,36696,,WELL1000 Foundations for Healthy Living - Online - Johnson B.,,WELL 1000/W75,1190,,Fall 2018,20,,44.08,42.09,active,44.08
413,651,40.41,2018-10-07 07:50:00,38079,,WELL1000 Foundations for Healthy Living - Patterson,,WELL 1000/35,1215,,Fall 2018,20,,40.41,40.41,active,40.41
414,659,6.92,2018-10-08 11:01:00,39386,,WELL1000 Foundations for Healthy Living - Online - Worrall,,WELL 1000/W87,1230,,Fall 2018,20,,6.92,6.92,active,6.92
415,638,6.21,2018-09-01 06:07:00,39177,,WELL1000 Foundations for Healthy Living - Online - Johnson B.,,WELL 1000/W74,1189,,Fall 2018,20,,6.51,6.21,active,6.51
416,655,6.21,2018-09-10 07:54:00,37270,,WELL1000 Foundations for Healthy Living - Online - Turchan,,WELL 1000/W83,1221,,Fall 2018,20,,6.21,6.21,active,6.21
417,648,5.6,2018-09-12 06:29:00,37965,,WELL1000 Foundations for Healthy Living - Nikitin,,WELL 1000/28,1235,,Fall 2018,20,,5.78,5.6,active,5.78
418,653,0.0,2018-09-13 06:08:00,41183,,WELL1000 Foundations for Healthy Living - Online - Postell,,WELL 1000/W82,1217,,Fall 2018,20,,0.0,0.0,active,0.0
419,631,6.21,2018-09-14 11:53:00,33503,,WELL1000 Foundations for Healthy Living - Online - Burleson,,WELL 1000/W63,1176,,Fall 2018,20,,6.51,6.21,active,6.51
420,674,3.02,2018-09-14 02:09:00,39691,,WELL1000 Foundations for Healthy Living - Bryant,,WELL 1000/46,1352,,Fall 2018,20,,3.05,3.02,active,3.05
421,655,24.24,2018-09-14 02:31:00,34089,,WELL1000 Foundations for Healthy Living - Online - Turchan,,WELL 1000/W83,1221,,Fall 2018,20,,24.24,24.24,active,24.24
422,659,26.75,2018-09-14 09:53:00,41845,,WELL1000 Foundations for Healthy Living - Online - Worrall,,WELL 1000/W88,1231,,Fall 2018,20,,26.75,26.75,active,26.75
423,644,11.95,2018-09-15 11:26:00,37159,,WELL1000 Foundations for Healthy Living - Mao,,WELL 1000/05,1202,,Fall 2018,20,,11.95,11.95,active,11.95
424,639,5.99,2018-09-16 11:26:00,40974,,WELL1000 Foundations for Healthy Living - Online - Johnson,,WELL 1000/W72,1191,,Fall 2018,20,,5.99,5.99,active,5.99
425,638,2.82,2018-09-16 07:22:00,38831,,WELL1000 Foundations for Healthy Living - Online - Johnson B.,,WELL 1000/W74,1189,,Fall 2018,20,,2.96,2.82,active,2.96
426,639,8.9,2018-09-16 09:51:00,39833,,WELL1000 Foundations for Healthy Living - Online - Johnson,,WELL 1000/W72,1191,,Fall 2018,20,,8.9,8.9,active,8.9
427,639,7.34,2018-09-17 12:32:00,37604,,WELL1000 Foundations for Healthy Living - Online - Johnson,,WELL 1000/W72,1191,,Fall 2018,20,,7.34,7.34,active,7.34
428,631,7.91,2018-09-17 02:27:00,37607,,WELL1000 Foundations for Healthy Living - Online - Burleson,,WELL 1000/W62,1175,,Fall 2018,20,,8.28,7.91,active,8.28
429,655,28.06,2018-09-17 09:32:00,39309,,WELL1000 Foundations for Healthy Living - Online - Turchan,,WELL 1000/W83,1221,,Fall 2018,20,,28.06,28.06,active,28.06
430,655,5.08,2018-09-18 10:26:00,39887,,WELL1000 Foundations for Healthy Living - Online - Turchan,,WELL 1000/W83,1221,,Fall 2018,20,,5.08,5.08,active,5.08
431,648,12.38,2018-09-18 10:39:00,41365,,WELL1000 Foundations for Healthy Living - Nikitin,,WELL 1000/28,1235,,Fall 2018,20,,12.78,12.38,active,12.78
432,627,9.68,2018-09-19 12:26:00,39842,,WELL1000 Foundations for Healthy Living - Balkema,,WELL 1000/32,1167,,Fall 2018,20,,17.92,9.68,concluded,17.92
433,640,3.7,2018-09-19 03:06:00,20183,,WELL1000 Foundations for Healthy Living - Kelso,,WELL1000/14,1193,,Fall 2018,20,,3.9,3.7,active,3.9
434,633,6.21,2018-09-02 03:15:00,37774,,WELL1000 Foundations for Healthy Living - Online - Clark,,WELL 1000/W64,1178,,Fall 2018,20,,6.51,6.21,active,6.51
435,631,16.27,2018-09-20 10:25:00,38847,,WELL1000 Foundations for Healthy Living - Online - Burleson,,WELL 1000/W63,1176,,Fall 2018,20,,17.04,16.27,active,17.04
436,635,3.95,2018-09-20 10:57:00,41905,,WELL1000 Foundations for Healthy Living - Online - Fortenberry,,WELL1000/W67,1184,,Fall 2018,20,,4.14,3.95,active,4.14
437,645,24.54,2018-09-20 04:18:00,38500,,WELL1000 Foundations for Healthy Living - Martinez,,WELL1000/21,1204,,Fall 2018,20,,24.54,24.54,active,24.54
438,635,29.94,2018-09-20 08:50:00,38009,,WELL1000 Foundations for Healthy Living - Online - Fortenberry,,WELL1000/W67,1184,,Fall 2018,20,,31.36,29.94,active,31.36
439,628,44.27,2018-09-20 09:16:00,37689,,WELL1000 Foundations for Healthy Living - Online - Barrett-Williams,,WELL 1000/W60,1169,,Fall 2018,20,,44.27,44.27,active,44.27
440,639,33.94,2018-09-21 12:12:00,23304,,WELL1000 Foundations for Healthy Living - Online - Johnson,,WELL 1000/W72,1191,,Fall 2018,20,,33.94,33.94,active,33.94
441,631,33.06,2018-09-21 02:17:00,42041,,WELL1000 Foundations for Healthy Living - Online - Burleson,,WELL 1000/W62,1175,,Fall 2018,20,,34.63,33.06,active,34.63
442,626,36.42,2018-09-21 03:28:00,21289,,WELL1000 Foundations for Healthy Living - Aenchbacher,,WELL 1000/09,1166,,Fall 2018,20,,36.42,36.42,active,36.42
443,638,9.27,2018-09-21 03:55:00,43298,,WELL1000 Foundations for Healthy Living - Online - Johnson B.,,WELL 1000/W75,1190,,Fall 2018,20,,9.7,9.27,active,9.7
444,635,33.86,2018-09-21 04:27:00,37488,,WELL1000 Foundations for Healthy Living - Online - Fortenberry,,WELL1000/W67,1184,,Fall 2018,20,,35.46,33.86,active,35.46
445,626,32.04,2018-09-21 04:48:00,40195,,WELL1000 Foundations for Healthy Living - Aenchbacher,,WELL 1000/09,1166,,Fall 2018,20,,32.04,32.04,active,32.04
446,659,25.28,2018-09-21 04:54:00,29531,,WELL1000 Foundations for Healthy Living - Online - Worrall,,WELL 1000/W87,1230,,Fall 2018,20,,25.28,25.28,active,25.28
447,627,38.49,2018-09-21 04:57:00,39245,,WELL1000 Foundations for Healthy Living - Balkema,,WELL 1000/32,1167,,Fall 2018,20,,38.49,38.49,active,38.49
448,631,29.68,2018-09-21 05:00:00,37493,,WELL1000 Foundations for Healthy Living - Online - Burleson,,WELL 1000/W63,1176,,Fall 2018,20,,31.08,29.68,active,31.08
449,623,16.67,2018-09-21 05:06:00,38949,,WELL1000 Foundations for Healthy Living - Scheck,,WELL 1000/07,1164,,Fall 2018,20,,16.67,16.67,active,16.67
450,638,18.49,2018-09-21 06:05:00,37804,,WELL1000 Foundations for Healthy Living - Online - Johnson B.,,WELL 1000/W75,1190,,Fall 2018,20,,19.37,18.49,active,19.37
451,653,9.49,2018-09-21 07:36:00,38123,,WELL1000 Foundations for Healthy Living - Online - Postell,,WELL 1000/W82,1217,,Fall 2018,20,,9.94,9.49,active,9.94
452,637,22.64,2018-09-21 08:20:00,37254,,WELL1000 Foundations for Healthy Living - Online - Howton,,WELL 1000/W70,1187,,Fall 2018,20,,23.69,22.64,active,23.69
453,635,12.88,2018-09-21 08:22:00,38473,,WELL1000 Foundations for Healthy Living - Online - Fortenberry,,WELL1000/W66,1183,,Fall 2018,20,,13.49,12.88,active,13.49
454,637,28.06,2018-09-21 09:55:00,37575,,WELL1000 Foundations for Healthy Living - Online - Howton,,WELL 1000/W70,1187,,Fall 2018,20,,29.36,28.06,active,29.36
455,632,6.14,2018-09-21 09:56:00,34084,,WELL1000 Foundations for Healthy Living - Campbell,,WELL 1000/43,1177,,Fall 2018,20,,6.62,6.14,active,6.62
456,639,9.27,2018-09-22 11:13:00,36614,,WELL1000 Foundations for Healthy Living - Online - Johnson,,WELL 1000/W72,1191,,Fall 2018,20,,9.27,9.27,active,9.27
457,638,40.26,2018-09-22 07:29:00,36437,,WELL1000 Foundations for Healthy Living - Online - Johnson B.,,WELL 1000/W74,1189,,Fall 2018,20,,42.17,40.26,active,42.17
458,648,1.13,2018-09-23 11:05:00,43306,,WELL1000 Foundations for Healthy Living - Nikitin,,WELL 1000/28,1235,,Fall 2018,20,,1.16,1.13,active,1.16
459,633,9.83,2018-09-23 08:27:00,37982,,WELL1000 Foundations for Healthy Living - Online - Clark,,WELL 1000/W65,1179,,Fall 2018,20,,10.3,9.83,active,10.3
460,655,27.99,2018-09-24 11:35:00,38064,,WELL1000 Foundations for Healthy Living - Online - Turchan,,WELL 1000/W84,1222,,Fall 2018,20,,27.99,27.99,active,27.99
461,633,3.28,2018-09-24 07:41:00,41242,,WELL1000 Foundations for Healthy Living - Online - Clark,,WELL 1000/W64,1178,,Fall 2018,20,,3.43,3.28,active,3.43
462,658,27.67,2018-09-25 03:13:00,39726,,WELL1000 Foundations for Healthy Living - Whitlock,,WELL 1000/11,1229,,Fall 2018,20,,65.23,27.67,concluded,61.5
463,655,7.01,2018-09-26 10:26:00,40311,,WELL1000 Foundations for Healthy Living - Online - Turchan,,WELL 1000/W84,1222,,Fall 2018,20,,7.01,7.01,active,7.01
464,635,11.3,2018-09-26 12:42:00,37916,,WELL1000 Foundations for Healthy Living - Online - Fortenberry,,WELL1000/W67,1184,,Fall 2018,20,,11.83,11.3,active,11.83
465,637,27.66,2018-09-26 04:47:00,31087,,WELL1000 Foundations for Healthy Living - Online - Howton,,WELL 1000/W70,1187,,Fall 2018,20,,28.94,27.66,active,28.94
466,659,17.32,2018-09-26 08:17:00,38223,,WELL1000 Foundations for Healthy Living - Online - Worrall,,WELL 1000/W88,1231,,Fall 2018,20,,28.13,17.32,concluded,28.13
467,634,28.07,2018-09-27 01:27:00,39643,,WELL1000 Foundations for Healthy Living - Ellington,,WELL 1000/36,1180,,Fall 2018,20,,28.07,28.07,active,28.07
468,640,0.0,2018-09-27 12:05:00,43488,,WELL1000 Foundations for Healthy Living - Kelso,,WELL1000/14,1193,,Fall 2018,20,,0.0,0.0,active,0.0
469,639,24.65,2018-09-27 03:44:00,39141,,WELL1000 Foundations for Healthy Living - Online - Johnson,,WELL 1000/W72,1191,,Fall 2018,20,,24.65,24.65,active,24.65
470,658,31.18,2018-09-28 02:20:00,38998,,WELL1000 Foundations for Healthy Living - Whitlock,,WELL 1000/11,1229,,Fall 2018,20,,31.18,31.18,active,31.18
471,634,24.79,2018-09-28 04:29:00,37869,,WELL1000 Foundations for Healthy Living - Ellington,,WELL 1000/36,1180,,Fall 2018,20,,24.79,24.79,active,24.79
472,634,18.48,2018-09-28 09:32:00,40677,,WELL1000 Foundations for Healthy Living - Ellington,,WELL 1000/36,1180,,Fall 2018,20,,18.48,18.48,active,18.48
473,635,44.69,2018-09-29 10:28:00,37200,,WELL1000 Foundations for Healthy Living - Online - Fortenberry,,WELL1000/W66,1183,,Fall 2018,20,,46.8,44.69,active,46.8
474,655,10.73,2018-09-03 09:59:00,35480,,WELL1000 Foundations for Healthy Living - Online - Turchan,,WELL 1000/W84,1222,,Fall 2018,20,,10.73,10.73,active,10.73
475,644,0.0,2018-09-30 01:30:00,39966,,WELL1000 Foundations for Healthy Living - Mao,,WELL 1000/05,1202,,Fall 2018,20,,0.0,0.0,active,0.0
476,635,13.45,2018-09-30 02:51:00,38863,,WELL1000 Foundations for Healthy Living - Online - Fortenberry,,WELL1000/W66,1183,,Fall 2018,20,,14.08,13.45,active,14.08
477,653,34.33,2018-09-30 05:12:00,34356,,WELL1000 Foundations for Healthy Living - Online - Postell,,WELL 1000/W82,1217,,Fall 2018,20,,35.96,34.33,active,35.96
478,643,22.8,2018-09-30 07:57:00,41858,,WELL1000 Foundations for Healthy Living - Maddox,,WELL 1000/17,1200,,Fall 2018,20,,20.9,22.8,active,20.9
479,639,8.93,2018-09-04 01:36:00,37957,,WELL1000 Foundations for Healthy Living - Online - Johnson,,WELL 1000/W72,1191,,Fall 2018,20,,8.93,8.93,active,8.93
480,637,3.31,2018-09-05 10:27:00,40946,,WELL1000 Foundations for Healthy Living - Online - Howton,,WELL 1000/W70,1187,,Fall 2018,20,,3.46,3.31,active,3.46
481,638,8.93,2018-09-05 11:27:00,38397,,WELL1000 Foundations for Healthy Living - Online - Johnson B.,,WELL 1000/W75,1190,,Fall 2018,20,,9.35,8.93,active,9.35
482,655,5.65,2018-09-06 10:27:00,22959,,WELL1000 Foundations for Healthy Living - Online - Turchan,,WELL 1000/W84,1222,,Fall 2018,20,,5.65,5.65,active,5.65
483,629,21.6,2018-09-07 10:58:00,37707,,WELL1000 Foundations for Healthy Living - Bell,,WELL 1000/13,1172,,Fall 2018,20,,22.6,21.6,active,22.6
484,632,20.31,2018-09-07 02:59:00,39518,,WELL1000 Foundations for Healthy Living - Campbell,,WELL 1000/43,1177,,Fall 2018,20,,21.89,20.31,active,21.89
485,658,0.0,2018-09-07 03:32:00,30225,,WELL1000 Foundations for Healthy Living - Whitlock,,WELL 1000/10,1228,,Fall 2018,20,,0.0,0.0,active,0.0
486,635,25.65,2018-09-07 03:59:00,37491,,WELL1000 Foundations for Healthy Living - Online - Fortenberry,,WELL1000/W67,1184,,Fall 2018,20,,26.86,25.65,active,26.86
487,644,5.92,2018-09-08 08:52:00,38337,,WELL1000 Foundations for Healthy Living - Mao,,WELL 1000/05,1202,,Fall 2018,20,,17.73,5.92,concluded,17.73
488,623,1.08,2018-09-09 10:16:00,34648,,WELL1000 Foundations for Healthy Living - Scheck,,WELL 1000/02,1160,,Fall 2018,20,,1.08,1.08,active,1.08
489,654,7.25,2018-09-09 12:58:00,39884,,WELL1000 Foundations for Healthy Living - Ravenscraft,,WELL 1000/31,1220,,Fall 2018,20,,7.25,7.25,active,7.25
